season,event,champion,games_contests,pick_ban_ratio,banned_games,played_games,played_by_number_of_players,win,lose,win_rate,kills,deaths,assists,kill_death_assist_ratio,creep_score,cs/min,gold,gold/min,damage,damage/min,kill_participation,kill_share,gold_share,kda_enhanced,efficiency_score,role,popularity_tier,impact_score
1,Main,Irelia,7,25.0,3.0,4,2.0,1,3,25.0,5.5,3.25,6.0,3.54,262.25,5.69,14.1,306.0,0.0,,,,,3.5384615384615383,28.53846153846154,other,Medio,7.134615384615384
1,Main,Zilean,7,25.0,5.0,2,2.0,1,1,50.0,5.0,1.5,8.0,8.67,208.5,5.01,12.4,299.0,0.0,,,,,8.666666666666666,58.666666666666664,other,Medio,14.666666666666664
1,Main,Akali,7,25.0,6.0,1,1.0,1,0,100.0,7.0,4.0,7.0,3.5,168.0,4.54,11.1,300.0,0.0,,,,,3.5,103.5,other,Medio,25.875
1,Main,Caitlyn,4,14.3,,4,3.0,0,4,0.0,0.5,3.75,1.25,0.47,220.75,6.96,8.3,261.0,0.0,,,,,0.4666666666666667,0.4666666666666667,other,Bajo,0.06673333333333334
1,Main,Cho'Gath,3,10.7,,3,3.0,1,2,33.3,1.33,1.67,2.33,2.2,209.33,6.27,9.6,289.0,0.0,,,,,2.191616766467066,35.49161676646706,other,Bajo,3.7976029940119753
1,Main,Tristana,3,10.7,,3,2.0,1,2,33.3,5.67,4.33,0.67,1.46,221.67,6.52,10.9,320.0,0.0,,,,,1.464203233256351,34.764203233256346,other,Bajo,3.7197697459584287
1,Main,Trundle,3,10.7,,3,3.0,0,3,0.0,0.67,3.33,2.0,0.8,81.0,2.76,5.7,194.0,0.0,,,,,0.8018018018018017,0.8018018018018017,other,Bajo,0.08579279279279278
1,Main,Mordekaiser,3,10.7,2.0,1,1.0,1,0,100.0,3.0,0.0,9.0,12.0,324.0,8.6,14.3,379.0,0.0,,,,,12.0,112.0,other,Bajo,11.983999999999998
1,Main,Lee Sin,2,7.1,,2,2.0,1,1,50.0,3.0,5.0,4.0,1.4,197.0,5.47,10.1,279.0,0.0,,,,,1.4,51.4,other,Bajo,3.6494
1,Main,Teemo,2,7.1,,2,1.0,1,1,50.0,9.0,3.0,6.5,5.17,273.5,5.9,16.9,363.0,0.0,,,,,5.166666666666667,55.166666666666664,other,Bajo,3.916833333333333
1,Main,Gangplank,1,3.6,,1,1.0,1,0,100.0,3.0,0.0,10.0,13.0,120.0,4.15,9.1,315.0,0.0,,,,,13.0,113.0,other,Bajo,4.0680000000000005
1,Main,Sion,1,3.6,,1,1.0,1,0,100.0,2.0,0.0,6.0,8.0,253.0,7.54,11.9,355.0,0.0,,,,,8.0,108.0,other,Bajo,3.888
1,Main,Blitzcrank,1,3.6,,1,1.0,0,1,0.0,8.0,4.0,17.0,6.25,253.0,4.71,15.3,285.0,0.0,,,,,6.25,6.25,other,Bajo,0.225
1,Main,Dr. Mundo,1,3.6,,1,1.0,0,1,0.0,0.0,3.0,1.0,0.33,167.0,5.35,6.6,211.0,0.0,,,,,0.3333333333333333,0.3333333333333333,other,Bajo,0.012
1,Main,Garen,1,3.6,,1,1.0,0,1,0.0,5.0,5.0,3.0,1.6,110.0,3.71,7.6,256.0,0.0,,,,,1.6,1.6,other,Bajo,0.057600000000000005
1,Main,Kassadin,1,3.6,,1,1.0,0,1,0.0,3.0,3.0,0.0,1.0,166.0,5.6,7.4,250.0,0.0,,,,,1.0,1.0,other,Bajo,0.036000000000000004
1,Main,Lux,1,3.6,,1,1.0,0,1,0.0,1.0,3.0,1.0,0.67,98.0,3.39,5.6,194.0,0.0,,,,,0.6666666666666666,0.6666666666666666,other,Bajo,0.024
1,Main,Poppy,1,3.6,,1,1.0,0,1,0.0,0.0,2.0,4.0,2.0,82.0,2.84,5.8,201.0,0.0,,,,,2.0,2.0,other,Bajo,0.07200000000000001
1,Main,Rammus,1,3.6,,1,1.0,0,1,0.0,1.0,4.0,5.0,1.5,100.0,2.44,8.8,215.0,0.0,,,,,1.5,1.5,other,Bajo,0.054000000000000006
1,Main,Urgot,1,3.6,,1,1.0,0,1,0.0,2.0,3.0,2.0,1.33,140.0,4.84,6.5,225.0,0.0,,,,,1.3333333333333333,1.3333333333333333,other,Bajo,0.048
2,Main,Lulu,6,19.4,,6,4.0,1,5,16.7,0.83,3.83,4.33,1.35,29.83,0.89,6.8,203.0,0.0,,,,,1.3472584856396868,18.047258485639688,other,Bajo,3.501168146214099
2,Main,Shyvana,6,19.4,1.0,5,5.0,0,5,0.0,0.8,3.6,4.2,1.39,141.2,3.79,8.1,217.0,0.0,,,,,1.3888888888888888,1.3888888888888888,other,Bajo,0.26944444444444443
2,Main,Diana,6,19.4,3.0,3,2.0,1,2,33.3,3.0,3.33,4.67,2.3,208.33,5.88,10.2,288.0,0.0,,,,,2.303303303303303,35.6033033033033,other,Bajo,6.90704084084084
2,Main,Udyr,5,16.1,,5,4.0,0,5,0.0,0.6,3.8,2.2,0.74,128.4,4.06,7.4,233.0,0.0,,,,,0.736842105263158,0.736842105263158,other,Bajo,0.11863157894736844
2,Main,Morgana,5,16.1,1.0,4,3.0,1,3,25.0,3.25,2.25,3.5,3.0,251.5,7.22,10.5,302.0,0.0,,,,,3.0,28.0,other,Bajo,4.508000000000001
2,Main,Cassiopeia,4,12.9,,4,2.0,1,3,25.0,4.75,2.75,2.75,2.73,204.75,6.9,9.4,317.0,0.0,,,,,2.727272727272727,27.727272727272727,other,Bajo,3.5768181818181817
2,Main,Gragas,4,12.9,2.0,2,2.0,0,2,0.0,1.0,1.5,2.5,2.33,306.0,7.75,11.2,283.0,0.0,,,,,2.3333333333333335,2.3333333333333335,other,Bajo,0.301
2,Main,Katarina,4,12.9,3.0,1,1.0,0,1,0.0,1.0,5.0,2.0,0.6,169.0,6.17,7.1,259.0,0.0,,,,,0.6,0.6,other,Bajo,0.0774
2,Main,Caitlyn,3,9.7,,3,3.0,1,2,33.3,2.67,1.33,2.33,3.75,297.67,8.97,11.7,352.0,0.0,,,,,3.7593984962406015,37.0593984962406,other,Bajo,3.5947616541353375
2,Main,Ryze,3,9.7,,3,2.0,1,2,33.3,2.0,3.67,4.33,1.73,172.67,6.44,7.6,284.0,0.0,,,,,1.7247956403269755,35.02479564032697,other,Bajo,3.397405177111716
2,Main,Cho'Gath,3,9.7,1.0,2,2.0,1,1,50.0,1.5,2.0,3.5,2.5,125.5,3.24,9.2,236.0,0.0,,,,,2.5,52.5,other,Bajo,5.092499999999999
2,Main,Zilean,2,6.5,,2,1.0,1,1,50.0,3.5,3.5,8.0,3.29,212.0,7.3,9.3,319.0,0.0,,,,,3.2857142857142856,53.285714285714285,other,Bajo,3.4635714285714285
2,Main,Darius,2,6.5,,2,2.0,0,2,0.0,2.5,4.0,2.5,1.25,188.0,5.05,8.8,238.0,0.0,,,,,1.25,1.25,other,Bajo,0.08125
2,Main,Nocturne,2,6.5,,2,2.0,0,2,0.0,2.5,5.5,9.0,2.09,224.5,4.65,12.9,267.0,0.0,,,,,2.090909090909091,2.090909090909091,other,Bajo,0.1359090909090909
2,Main,Ahri,2,6.5,1.0,1,1.0,1,0,100.0,6.0,0.0,3.0,9.0,184.0,6.13,11.4,380.0,0.0,,,,,9.0,109.0,other,Bajo,7.085
2,Main,Amumu,1,3.2,,1,1.0,1,0,100.0,4.0,6.0,16.0,3.33,145.0,3.47,12.4,297.0,0.0,,,,,3.3333333333333335,103.33333333333333,other,Bajo,3.3066666666666666
2,Main,Soraka,1,3.2,,1,1.0,1,0,100.0,1.0,0.0,11.0,12.0,12.0,0.34,8.3,232.0,0.0,,,,,12.0,112.0,other,Bajo,3.5840000000000005
2,Main,Jarvan IV,1,3.2,,1,1.0,0,1,0.0,6.0,3.0,14.0,6.67,297.0,7.16,14.0,337.0,0.0,,,,,6.666666666666667,6.666666666666667,other,Bajo,0.21333333333333335
2,Main,Riven,1,3.2,,1,1.0,0,1,0.0,2.0,6.0,1.0,0.5,242.0,5.97,10.2,251.0,0.0,,,,,0.5,0.5,other,Bajo,0.016
2,Main,Swain,1,3.2,,1,1.0,0,1,0.0,8.0,5.0,10.0,3.6,243.0,5.86,13.2,318.0,0.0,,,,,3.6,3.6,other,Bajo,0.11520000000000001
2,Main,Tristana,1,3.2,,1,1.0,0,1,0.0,0.0,5.0,0.0,0.0,200.0,7.01,7.0,245.0,0.0,,,,,0.0,0.0,other,Bajo,0.0
3,Main,Twitch,8,12.7,5.0,3,2.0,1,2,33.3,5.0,3.0,6.0,3.67,254.0,7.43,12.6,368.0,0.0,,,,,3.6666666666666665,36.96666666666666,other,Bajo,4.694766666666665
3,Main,Nocturne,7,11.1,2.0,5,3.0,1,4,20.0,1.8,3.0,4.4,2.07,150.4,4.88,8.5,277.0,0.0,,,,,2.066666666666667,22.066666666666666,other,Bajo,2.4494
3,Main,Lulu,5,7.9,,5,4.0,1,4,20.0,0.0,3.6,3.4,0.94,15.8,0.53,5.2,173.0,0.0,,,,,0.9444444444444444,20.944444444444443,other,Bajo,1.654611111111111
3,Main,Ryze,5,7.9,,5,2.0,1,4,20.0,3.4,4.4,3.8,1.64,218.8,7.33,9.7,324.0,0.0,,,,,1.636363636363636,21.636363636363637,other,Bajo,1.7092727272727273
3,Main,Karthus,5,7.9,2.0,3,3.0,1,2,33.3,5.33,5.0,5.33,2.13,276.67,7.92,12.4,355.0,0.0,,,,,2.132,35.431999999999995,other,Bajo,2.7991279999999996
3,Main,Diana,3,4.8,,3,3.0,1,2,33.3,3.33,3.33,4.67,2.4,249.0,7.85,10.9,345.0,0.0,,,,,2.4024024024024024,35.7024024024024,other,Bajo,1.713715315315315
3,Main,Nunu,3,4.8,,3,2.0,1,2,33.3,1.67,3.67,9.67,3.09,85.33,2.27,9.6,256.0,0.0,,,,,3.0899182561307903,36.389918256130784,other,Bajo,1.7467160762942777
3,Main,Tristana,3,4.8,,3,3.0,1,2,33.3,3.33,2.33,2.67,2.57,264.33,7.6,11.7,337.0,0.0,,,,,2.575107296137339,35.87510729613734,other,Bajo,1.722005150214592
3,Main,Malphite,3,4.8,,3,3.0,0,3,0.0,1.67,2.67,3.67,2.0,177.0,5.91,7.8,260.0,0.0,,,,,2.0,2.0,other,Bajo,0.096
3,Main,Yorick,3,4.8,1.0,2,2.0,1,1,50.0,1.0,2.0,4.5,2.75,190.5,5.58,9.9,290.0,0.0,,,,,2.75,52.75,other,Bajo,2.532
3,Main,Nami,2,3.2,,2,1.0,1,1,50.0,0.0,2.0,10.5,5.25,27.5,0.75,7.0,191.0,0.0,,,,,5.25,55.25,other,Bajo,1.768
3,Main,Syndra,2,3.2,,2,1.0,1,1,50.0,9.0,3.5,7.5,4.71,271.0,9.12,13.0,438.0,0.0,,,,,4.714285714285714,54.714285714285715,other,Bajo,1.750857142857143
3,Main,Shyvana,2,3.2,,2,2.0,0,2,0.0,0.5,4.5,1.5,0.44,225.5,6.87,9.2,280.0,0.0,,,,,0.4444444444444444,0.4444444444444444,other,Bajo,0.014222222222222223
3,Main,Blitzcrank,1,1.6,,1,1.0,1,0,100.0,4.0,2.0,12.0,8.0,14.0,0.47,8.7,290.0,0.0,,,,,8.0,108.0,other,Bajo,1.7280000000000002
3,Main,Cassiopeia,1,1.6,,1,1.0,1,0,100.0,6.0,0.0,3.0,9.0,319.0,8.65,15.7,426.0,0.0,,,,,9.0,109.0,other,Bajo,1.744
3,Main,Jayce,1,1.6,,1,1.0,1,0,100.0,6.0,2.0,11.0,8.5,237.0,8.2,13.3,460.0,0.0,,,,,8.5,108.5,other,Bajo,1.7360000000000002
3,Main,Kayle,1,1.6,,1,1.0,1,0,100.0,7.0,10.0,13.0,2.0,307.0,6.15,18.4,369.0,0.0,,,,,2.0,102.0,other,Bajo,1.6320000000000001
3,Main,Sivir,1,1.6,,1,1.0,1,0,100.0,7.0,2.0,19.0,13.0,172.0,5.73,12.4,413.0,0.0,,,,,13.0,113.0,other,Bajo,1.808
3,Main,Tryndamere,1,1.6,,1,1.0,1,0,100.0,5.0,2.0,5.0,5.0,264.0,7.67,14.0,407.0,0.0,,,,,5.0,105.0,other,Bajo,1.68
3,Main,Veigar,1,1.6,,1,1.0,1,0,100.0,1.0,1.0,4.0,5.0,25.0,0.68,8.8,239.0,0.0,,,,,5.0,105.0,other,Bajo,1.68
3,Main,Volibear,1,1.6,,1,1.0,1,0,100.0,8.0,3.0,14.0,7.33,96.0,2.67,11.7,326.0,0.0,,,,,7.333333333333333,107.33333333333333,other,Bajo,1.7173333333333334
3,Main,Dr. Mundo,1,1.6,,1,1.0,0,1,0.0,1.0,7.0,1.0,0.29,99.0,4.14,5.3,221.0,0.0,,,,,0.2857142857142857,0.2857142857142857,other,Bajo,0.004571428571428571
3,Main,Hecarim,1,1.6,,1,1.0,0,1,0.0,8.0,2.0,7.0,7.5,173.0,5.03,11.3,328.0,0.0,,,,,7.5,7.5,other,Bajo,0.12
3,Main,Karma,1,1.6,,1,1.0,0,1,0.0,3.0,7.0,3.0,0.86,85.0,3.55,6.2,259.0,0.0,,,,,0.8571428571428571,0.8571428571428571,other,Bajo,0.013714285714285714
3,Main,Miss Fortune,1,1.6,,1,1.0,0,1,0.0,1.0,3.0,2.0,1.0,214.0,6.58,9.2,283.0,0.0,,,,,1.0,1.0,other,Bajo,0.016
3,Main,Soraka,1,1.6,,1,1.0,0,1,0.0,0.0,8.0,8.0,1.0,120.0,4.0,6.4,213.0,0.0,,,,,1.0,1.0,other,Bajo,0.016
3,Main,Swain,1,1.6,,1,1.0,0,1,0.0,2.0,5.0,4.0,1.2,263.0,7.55,10.7,307.0,0.0,,,,,1.2,1.2,other,Bajo,0.0192
3,Main,Teemo,1,1.6,,1,1.0,0,1,0.0,3.0,6.0,8.0,1.83,164.0,4.77,9.3,270.0,0.0,,,,,1.8333333333333333,1.8333333333333333,other,Bajo,0.029333333333333336
3,Main,Xin Zhao,1,1.6,,1,1.0,0,1,0.0,1.0,6.0,1.0,0.33,94.0,2.89,7.0,215.0,0.0,,,,,0.3333333333333333,0.3333333333333333,other,Bajo,0.005333333333333333
3,Main,Zilean,1,1.6,,1,1.0,0,1,0.0,5.0,7.0,4.0,1.29,96.0,3.2,8.2,273.0,0.0,,,,,1.2857142857142858,1.2857142857142858,other,Bajo,0.020571428571428574
4,Main,Nidalee,25,32.1,17.0,8,6.0,1,7,12.5,2.25,5.25,2.75,0.95,231.38,6.21,11.5,309.0,0.0,,48.2,21.7,20.7,0.9523809523809523,13.452380952380953,other,Medio,4.318214285714286
4,Main,Dr. Mundo,10,12.8,,10,5.0,1,9,10.0,1.7,3.1,3.2,1.58,230.8,6.32,11.0,302.0,0.0,,53.3,18.5,20.6,1.5806451612903227,11.580645161290322,other,Bajo,1.4823225806451612
4,Main,Leona,3,3.8,,3,2.0,1,2,33.3,1.67,3.33,5.33,2.1,40.67,1.05,7.7,200.0,0.0,,45.7,10.9,13.6,2.1021021021021022,35.4021021021021,other,Bajo,1.3452798798798795
4,Main,Pantheon,3,3.8,,3,2.0,1,2,33.3,5.0,5.0,3.67,1.73,85.0,3.05,8.3,299.0,0.0,,60.5,34.9,19.1,1.734,35.034,other,Bajo,1.331292
4,Main,Blitzcrank,3,3.8,,3,1.0,0,3,0.0,1.33,6.33,7.0,1.32,23.33,0.8,6.3,216.0,0.0,,71.4,11.4,15.7,1.315955766192733,1.315955766192733,other,Bajo,0.05000631911532385
4,Main,Sona,3,3.8,,3,2.0,0,3,0.0,0.33,4.0,4.33,1.17,12.0,0.4,6.2,207.0,0.0,,73.7,5.3,14.3,1.165,1.165,other,Bajo,0.04427
4,Main,Caitlyn,2,2.6,,2,1.0,1,1,50.0,5.5,2.0,4.0,4.75,487.5,9.43,21.4,414.0,0.0,,63.3,36.7,25.1,4.75,54.75,other,Bajo,1.4235
4,Main,Graves,2,2.6,,2,2.0,1,1,50.0,3.5,2.5,6.0,3.8,252.5,7.62,12.0,362.0,0.0,,51.4,18.9,22.3,3.8,53.8,other,Bajo,1.3988
4,Main,Singed,2,2.6,,2,1.0,1,1,50.0,3.5,2.5,13.0,6.6,277.5,8.23,13.3,395.0,0.0,,70.2,14.9,22.0,6.6,56.6,other,Bajo,1.4716
4,Main,Ziggs,2,2.6,,2,2.0,1,1,50.0,2.0,1.5,5.0,4.67,354.5,8.43,14.7,348.0,0.0,,50.0,14.3,22.6,4.666666666666667,54.666666666666664,other,Bajo,1.4213333333333333
4,Main,Ezreal,2,2.6,,2,2.0,0,2,0.0,3.0,1.0,2.0,5.0,226.5,6.37,10.8,305.0,0.0,,47.6,28.6,22.1,5.0,5.0,other,Bajo,0.13
4,Main,Akali,1,1.3,,1,1.0,1,0,100.0,9.0,0.0,8.0,17.0,188.0,6.52,12.8,444.0,0.0,,70.8,37.5,21.6,17.0,117.0,other,Bajo,1.521
4,Main,Fiddlesticks,1,1.3,,1,1.0,1,0,100.0,5.0,4.0,10.0,3.75,112.0,2.6,12.3,286.0,0.0,,75.0,25.0,17.9,3.75,103.75,other,Bajo,1.34875
4,Main,Katarina,1,1.3,,1,1.0,1,0,100.0,12.0,2.0,16.0,14.0,195.0,6.65,14.7,501.0,0.0,,71.8,30.8,21.9,14.0,114.0,other,Bajo,1.4820000000000002
4,Main,Lissandra,1,1.3,,1,1.0,1,0,100.0,4.0,2.0,11.0,7.5,363.0,9.66,16.6,442.0,0.0,,57.7,15.4,22.4,7.5,107.5,other,Bajo,1.3975
4,Main,Riven,1,1.3,,1,1.0,1,0,100.0,0.0,2.0,4.0,2.0,345.0,7.62,16.3,360.0,0.0,,36.4,0.0,21.3,2.0,102.0,other,Bajo,1.3259999999999998
4,Main,Swain,1,1.3,,1,1.0,1,0,100.0,1.0,8.0,9.0,1.25,211.0,4.17,13.6,269.0,0.0,,47.6,4.8,16.1,1.25,101.25,other,Bajo,1.31625
4,Main,Galio,1,1.3,,1,1.0,0,1,0.0,0.0,7.0,3.0,0.43,165.0,5.07,7.9,243.0,0.0,,27.3,0.0,17.0,0.42857142857142855,0.42857142857142855,other,Bajo,0.005571428571428572
4,Main,Nunu,1,1.3,,1,1.0,0,1,0.0,0.0,5.0,2.0,0.4,93.0,2.8,7.4,223.0,0.0,,100.0,0.0,16.7,0.4,0.4,other,Bajo,0.0052
4,Main,Varus,1,1.3,,1,1.0,0,1,0.0,3.0,3.0,0.0,1.0,221.0,7.67,9.1,316.0,0.0,,100.0,100.0,26.9,1.0,1.0,other,Bajo,0.013000000000000001
4,Main,Vi,1,1.3,,1,1.0,0,1,0.0,0.0,7.0,1.0,0.14,112.0,3.23,7.5,216.0,0.0,,50.0,0.0,16.9,0.14285714285714285,0.14285714285714285,other,Bajo,0.0018571428571428571
5,Main,Varus,6,8.2,4.0,2,2.0,1,1,50.0,2.0,5.0,6.0,1.6,281.0,8.14,12.4,361.0,0.0,,84.2,21.1,22.0,1.6,51.6,other,Bajo,4.231199999999999
5,Main,Evelynn,4,5.5,,4,3.0,1,3,25.0,1.25,4.0,5.0,1.56,103.0,2.69,10.0,261.0,0.0,,62.5,12.5,17.1,1.5625,26.5625,other,Bajo,1.4609375
5,Main,Ahri,3,4.1,,3,3.0,1,2,33.3,3.0,1.0,8.0,11.0,357.0,9.08,15.3,389.0,0.0,,86.8,23.7,23.7,11.0,44.3,other,Bajo,1.8162999999999996
5,Main,Skarner,3,4.1,,3,3.0,1,2,33.3,0.67,1.67,4.67,3.2,96.67,3.02,8.9,279.0,0.0,,69.6,8.7,17.2,3.197604790419162,36.49760479041916,other,Bajo,1.4964017964071854
5,Main,Maokai,3,4.1,,3,2.0,0,3,0.0,0.67,3.33,2.33,0.9,157.33,5.22,7.7,257.0,0.0,,69.2,15.4,18.5,0.9009009009009009,0.9009009009009009,other,Bajo,0.036936936936936934
5,Main,Bard,2,2.7,,2,2.0,0,2,0.0,1.5,5.0,7.0,1.7,30.5,0.86,8.0,224.0,0.0,,60.7,10.7,14.4,1.7,1.7,other,Bajo,0.045899999999999996
5,Main,Irelia,2,2.7,,2,2.0,0,2,0.0,2.5,4.5,1.5,0.89,228.0,6.65,10.3,299.0,0.0,,61.5,38.5,22.1,0.8888888888888888,0.8888888888888888,other,Bajo,0.024
5,Main,Rengar,2,2.7,,2,2.0,0,2,0.0,2.0,3.0,4.0,2.0,95.5,3.15,8.7,285.0,0.0,,70.6,23.5,18.9,2.0,2.0,other,Bajo,0.054000000000000006
5,Main,Zed,2,2.7,,2,2.0,0,2,0.0,3.5,3.0,3.5,2.33,250.0,7.17,12.2,348.0,0.0,,58.3,29.2,22.9,2.3333333333333335,2.3333333333333335,other,Bajo,0.063
5,Main,Draven,1,1.4,,1,1.0,1,0,100.0,5.0,1.0,7.0,12.0,241.0,7.17,14.6,435.0,0.0,,57.1,23.8,23.0,12.0,112.0,other,Bajo,1.5679999999999998
5,Main,Graves,1,1.4,,1,1.0,1,0,100.0,9.0,2.0,6.0,7.5,356.0,8.97,17.3,436.0,0.0,,68.2,40.9,23.8,7.5,107.5,other,Bajo,1.505
5,Main,Karthus,1,1.4,,1,1.0,1,0,100.0,4.0,3.0,10.0,4.67,274.0,9.17,12.8,428.0,0.0,,73.7,21.1,23.0,4.666666666666667,104.66666666666667,other,Bajo,1.4653333333333334
5,Main,Leona,1,1.4,,1,1.0,1,0,100.0,0.0,3.0,7.0,2.33,60.0,2.42,7.0,283.0,0.0,,43.8,0.0,14.6,2.3333333333333335,102.33333333333333,other,Bajo,1.4326666666666665
5,Main,Lucian,1,1.4,,1,1.0,1,0,100.0,7.0,4.0,11.0,4.5,295.0,8.03,15.3,417.0,0.0,,81.8,31.8,22.3,4.5,104.5,other,Bajo,1.4629999999999999
5,Main,Vladimir,1,1.4,,1,1.0,1,0,100.0,0.0,3.0,8.0,2.67,318.0,7.31,14.9,343.0,0.0,,50.0,0.0,19.9,2.6666666666666665,102.66666666666667,other,Bajo,1.4373333333333331
5,Main,Blitzcrank,1,1.4,,1,1.0,0,1,0.0,1.0,5.0,2.0,0.6,16.0,0.55,5.8,198.0,0.0,,75.0,25.0,14.5,0.6,0.6,other,Bajo,0.0084
5,Main,Brand,1,1.4,,1,1.0,0,1,0.0,1.0,6.0,10.0,1.83,29.0,0.83,8.6,246.0,0.0,,78.6,7.1,15.2,1.8333333333333333,1.8333333333333333,other,Bajo,0.025666666666666664
5,Main,Cassiopeia,1,1.4,,1,1.0,0,1,0.0,1.0,1.0,4.0,5.0,341.0,8.61,13.2,333.0,0.0,,50.0,10.0,21.9,5.0,5.0,other,Bajo,0.07
5,Main,Jayce,1,1.4,,1,1.0,0,1,0.0,1.0,2.0,7.0,4.0,359.0,9.33,14.7,382.0,0.0,,50.0,6.3,22.4,4.0,4.0,other,Bajo,0.055999999999999994
5,Main,Nautilus,1,1.4,,1,1.0,0,1,0.0,0.0,6.0,9.0,1.5,72.0,1.66,9.4,217.0,0.0,,50.0,0.0,12.7,1.5,1.5,other,Bajo,0.020999999999999998
5,Main,Nunu,1,1.4,,1,1.0,0,1,0.0,1.0,5.0,11.0,2.4,92.0,2.63,10.0,286.0,0.0,,85.7,7.1,17.7,2.4,2.4,other,Bajo,0.0336
5,Main,Syndra,1,1.4,,1,1.0,0,1,0.0,2.0,1.0,3.0,5.0,510.0,9.2,19.8,357.0,0.0,,83.3,33.3,25.1,5.0,5.0,other,Bajo,0.07
5,Main,Twitch,1,1.4,,1,1.0,0,1,0.0,4.0,4.0,2.0,1.5,213.0,6.43,10.4,314.0,0.0,,50.0,33.3,20.8,1.5,1.5,other,Bajo,0.020999999999999998
5,Main,Vi,1,1.4,,1,1.0,0,1,0.0,0.0,6.0,1.0,0.17,128.0,2.94,10.6,244.0,0.0,,10.0,0.0,16.0,0.16666666666666666,0.16666666666666666,other,Bajo,0.002333333333333333
6,Main,Brand,9,11.7,8.0,1,1.0,1,0,100.0,3.0,1.0,4.0,7.0,32.0,0.79,12.7,314.0,0.0,,70.0,30.0,16.8,7.0,107.0,other,Bajo,12.518999999999998
6,Main,Twisted Fate,6,7.8,5.0,1,1.0,0,1,0.0,0.0,6.0,5.0,0.83,374.0,7.97,17.9,382.0,0.0,,71.4,0.0,21.7,0.8333333333333334,0.8333333333333334,other,Bajo,0.065
6,Main,Zilean,4,5.2,,4,4.0,1,3,25.0,2.75,3.75,4.75,2.0,356.0,8.68,15.5,377.0,0.0,,57.7,21.2,22.1,2.0,27.0,other,Bajo,1.4040000000000001
6,Main,Soraka,3,3.9,1.0,2,2.0,1,1,50.0,0.5,3.0,10.5,3.67,23.0,0.54,10.9,257.0,0.0,,88.0,4.0,14.6,3.6666666666666665,53.666666666666664,other,Bajo,2.093
6,Main,Maokai,2,2.6,,2,2.0,1,1,50.0,2.5,2.5,11.5,5.6,281.0,7.28,13.7,353.0,0.0,,77.8,13.9,19.3,5.6,55.6,other,Bajo,1.4456
6,Main,Anivia,2,2.6,1.0,1,1.0,1,0,100.0,2.0,2.0,5.0,3.5,302.0,7.48,15.6,386.0,0.0,,70.0,20.0,20.6,3.5,103.5,other,Bajo,2.6910000000000003
6,Main,Shen,2,2.6,1.0,1,1.0,0,1,0.0,3.0,4.0,6.0,2.25,174.0,6.3,8.9,322.0,0.0,,75.0,25.0,22.0,2.25,2.25,other,Bajo,0.0585
6,Main,Nocturne,1,1.3,,1,1.0,1,0,100.0,3.0,2.0,11.0,7.0,166.0,3.8,16.4,376.0,0.0,,73.7,15.8,19.4,7.0,107.0,other,Bajo,1.391
6,Main,Taric,1,1.3,,1,1.0,1,0,100.0,0.0,7.0,9.0,1.29,134.0,2.02,19.5,294.0,0.0,,56.3,0.0,16.3,1.2857142857142858,101.28571428571429,other,Bajo,1.3167142857142857
6,Main,Fiora,1,1.3,,1,1.0,0,1,0.0,5.0,7.0,5.0,1.43,263.0,7.56,13.4,385.0,0.0,,66.7,33.3,22.7,1.4285714285714286,1.4285714285714286,other,Bajo,0.018571428571428572
6,Main,Kha'Zix,1,1.3,,1,1.0,0,1,0.0,4.0,4.0,3.0,1.75,164.0,3.61,14.5,319.0,0.0,,70.0,40.0,20.1,1.75,1.75,other,Bajo,0.02275
6,Main,Kindred,1,1.3,,1,1.0,0,1,0.0,2.0,5.0,0.0,0.4,123.0,3.91,9.6,305.0,0.0,,66.7,66.7,20.3,0.4,0.4,other,Bajo,0.0052
6,Main,Kled,1,1.3,,1,1.0,0,1,0.0,1.0,6.0,6.0,1.17,244.0,7.18,11.0,324.0,0.0,,50.0,7.1,20.1,1.1666666666666667,1.1666666666666667,other,Bajo,0.015166666666666669
6,Main,Nautilus,1,1.3,,1,1.0,0,1,0.0,1.0,4.0,7.0,2.0,315.0,6.93,14.6,321.0,0.0,,80.0,10.0,20.2,2.0,2.0,other,Bajo,0.026000000000000002
7,Play in,Thresh,15,38.5,13.0,2,2.0,1,1,50.0,0.5,1.5,6.5,4.67,48.0,1.25,9.9,258.0,0.0,,73.7,5.3,14.6,4.666666666666667,54.666666666666664,other,Medio,21.046666666666667
7,Play in,Elise,11,28.2,8.0,3,3.0,0,3,0.0,0.67,3.67,1.0,0.45,94.33,3.57,7.3,278.0,0.0,,100.0,40.0,18.4,0.4550408719346049,0.4550408719346049,other,Medio,0.12832152588555856
7,Play in,Lucian,9,23.1,7.0,2,2.0,0,2,0.0,0.5,2.0,1.5,1.0,233.5,8.24,9.3,328.0,0.0,,100.0,25.0,21.7,1.0,1.0,other,Medio,0.231
7,Play in,Kassadin,8,20.5,6.0,2,2.0,1,1,50.0,0.0,1.5,2.0,1.33,264.5,7.99,11.4,346.0,0.0,,36.4,0.0,19.8,1.3333333333333333,51.333333333333336,other,Medio,10.523333333333335
7,Play in,Lee Sin,6,15.4,1.0,5,3.0,1,4,20.0,1.8,2.0,5.6,3.7,148.2,4.31,10.9,317.0,0.0,,64.9,15.8,18.0,3.6999999999999997,23.7,other,Bajo,3.6498000000000004
7,Play in,Jax,6,15.4,3.0,3,3.0,1,2,33.3,1.0,3.67,2.67,1.0,234.67,7.49,11.1,353.0,0.0,,57.9,15.8,21.0,1.0,34.3,other,Bajo,5.2822
7,Play in,Olaf,6,15.4,4.0,2,1.0,1,1,50.0,2.0,3.0,5.0,2.33,163.5,4.55,12.0,334.0,0.0,,56.0,16.0,18.5,2.3333333333333335,52.333333333333336,other,Bajo,8.059333333333335
7,Play in,Blitzcrank,4,10.3,3.0,1,1.0,0,1,0.0,2.0,3.0,12.0,4.67,63.0,1.34,12.4,264.0,0.0,,100.0,14.3,15.7,4.666666666666667,4.666666666666667,other,Bajo,0.4806666666666667
7,Play in,Kayn,4,10.3,3.0,1,1.0,0,1,0.0,3.0,4.0,3.0,1.5,146.0,4.97,10.2,348.0,0.0,,75.0,37.5,20.9,1.5,1.5,other,Bajo,0.1545
7,Play in,Anivia,3,7.7,2.0,1,1.0,0,1,0.0,1.0,5.0,2.0,0.6,229.0,7.8,10.4,354.0,0.0,,37.5,12.5,21.4,0.6,0.6,other,Bajo,0.0462
7,Play in,Ashe,2,5.1,,2,1.0,1,1,50.0,1.0,2.5,11.0,4.8,220.0,8.6,10.6,412.0,0.0,,75.0,6.3,20.9,4.8,54.8,other,Bajo,2.7947999999999995
7,Play in,Sivir,2,5.1,,2,2.0,1,1,50.0,4.0,2.0,7.0,5.5,423.5,10.38,17.8,435.0,0.0,,78.6,28.6,23.9,5.5,55.5,other,Bajo,2.8304999999999993
7,Play in,Fiora,2,5.1,,2,2.0,0,2,0.0,3.0,3.0,2.0,1.67,284.5,9.05,12.1,385.0,0.0,,76.9,46.2,22.9,1.6666666666666667,1.6666666666666667,other,Bajo,0.085
7,Play in,Vladimir,2,5.1,,2,2.0,0,2,0.0,2.5,5.0,1.5,0.8,266.5,8.69,10.8,350.0,0.0,,34.8,21.7,20.8,0.8,0.8,other,Bajo,0.0408
7,Play in,Caitlyn,2,5.1,1.0,1,1.0,0,1,0.0,1.0,1.0,1.0,2.0,240.0,8.62,9.4,338.0,0.0,,66.7,33.3,22.3,2.0,2.0,other,Bajo,0.102
7,Play in,Renekton,2,5.1,1.0,1,1.0,0,1,0.0,1.0,4.0,1.0,0.5,378.0,9.75,14.8,382.0,0.0,,33.3,16.7,22.7,0.5,0.5,other,Bajo,0.0255
7,Play in,Zac,2,5.1,1.0,1,1.0,0,1,0.0,0.0,3.0,2.0,0.67,125.0,4.53,7.5,272.0,0.0,,100.0,0.0,18.4,0.6666666666666666,0.6666666666666666,other,Bajo,0.033999999999999996
7,Play in,Ekko,1,2.6,,1,1.0,1,0,100.0,2.0,2.0,10.0,6.0,460.0,9.8,20.4,435.0,0.0,,75.0,12.5,22.8,6.0,106.0,other,Bajo,2.7560000000000002
7,Play in,Graves,1,2.6,,1,1.0,1,0,100.0,11.0,1.0,9.0,20.0,124.0,5.29,11.7,499.0,0.0,,52.6,28.9,21.8,20.0,120.0,other,Bajo,3.12
7,Play in,Vayne,1,2.6,,1,1.0,1,0,100.0,5.0,4.0,14.0,4.75,150.0,6.4,10.4,443.0,0.0,,50.0,13.2,19.4,4.75,104.75,other,Bajo,2.7235
7,Play in,Draven,1,2.6,,1,1.0,0,1,0.0,2.0,3.0,2.0,1.33,529.0,10.11,22.4,428.0,0.0,,44.4,22.2,25.2,1.3333333333333333,1.3333333333333333,other,Bajo,0.034666666666666665
7,Play in,Jhin,1,2.6,,1,1.0,0,1,0.0,0.0,2.0,0.0,0.0,321.0,9.09,12.0,340.0,0.0,,0.0,0.0,22.2,0.0,0.0,other,Bajo,0.0
7,Play in,Kha'Zix,1,2.6,,1,1.0,0,1,0.0,3.0,3.0,1.0,1.33,146.0,3.64,12.2,304.0,0.0,,100.0,75.0,18.7,1.3333333333333333,1.3333333333333333,other,Bajo,0.034666666666666665
7,Play in,Malzahar,1,2.6,,1,1.0,0,1,0.0,1.0,4.0,2.0,0.75,27.0,0.92,8.0,273.0,0.0,,37.5,12.5,16.4,0.75,0.75,other,Bajo,0.019500000000000003
7,Play in,Nunu,1,2.6,,1,1.0,0,1,0.0,1.0,8.0,5.0,0.75,48.0,2.05,6.9,294.0,0.0,,66.7,11.1,19.0,0.75,0.75,other,Bajo,0.019500000000000003
7,Play in,Soraka,1,2.6,,1,1.0,0,1,0.0,0.0,3.0,1.0,0.33,8.0,0.31,6.6,258.0,0.0,,100.0,0.0,17.7,0.3333333333333333,0.3333333333333333,other,Bajo,0.008666666666666666
7,Play in,Yasuo,1,2.6,,1,1.0,0,1,0.0,0.0,8.0,2.0,0.25,125.0,5.33,6.5,277.0,0.0,,22.2,0.0,17.9,0.25,0.25,other,Bajo,0.006500000000000001
7,Main,Lucian,17,21.3,12.0,5,3.0,1,4,20.0,2.8,3.6,5.2,2.22,361.0,8.81,16.4,399.0,0.0,,80.0,28.0,22.4,2.2222222222222223,22.22222222222222,other,Medio,4.733333333333333
7,Main,Renekton,9,11.3,6.0,3,3.0,1,2,33.3,3.67,2.33,2.33,2.57,287.33,8.48,13.8,406.0,0.0,,56.3,34.4,22.7,2.575107296137339,35.87510729613734,other,Bajo,4.053887124463519
7,Main,Thresh,7,8.8,4.0,3,2.0,1,2,33.3,1.0,1.67,7.0,4.8,35.0,0.85,10.9,267.0,0.0,,77.4,9.7,15.4,4.790419161676647,38.09041916167664,other,Bajo,3.3519568862275446
7,Main,Blitzcrank,6,7.5,3.0,3,2.0,1,2,33.3,0.67,3.0,5.67,2.11,35.0,1.0,9.0,258.0,0.0,,73.1,7.7,14.7,2.1133333333333333,35.41333333333333,other,Bajo,2.6559999999999997
7,Main,Zac,5,6.3,1.0,4,3.0,1,3,25.0,0.75,2.75,3.75,1.64,138.5,3.85,10.6,295.0,0.0,,85.7,14.3,16.9,1.6363636363636365,26.636363636363637,other,Bajo,1.678090909090909
7,Main,Ivern,5,6.3,3.0,2,2.0,1,1,50.0,0.5,2.5,7.5,3.2,90.5,2.65,10.9,319.0,0.0,,61.5,3.8,17.2,3.2,53.2,other,Bajo,3.3516000000000004
7,Main,Kayn,4,5.0,1.0,3,1.0,1,2,33.3,2.33,2.33,2.67,2.14,211.0,6.19,11.6,341.0,0.0,,62.5,29.2,19.2,2.1459227467811157,35.445922746781115,other,Bajo,1.7722961373390558
7,Main,Sivir,4,5.0,1.0,3,2.0,1,2,33.3,2.67,2.67,3.0,2.13,478.0,11.58,18.9,458.0,0.0,,53.1,25.0,25.2,2.1235955056179776,35.423595505617975,other,Bajo,1.7711797752808989
7,Main,Elise,4,5.0,2.0,2,1.0,1,1,50.0,1.5,1.5,5.0,4.33,153.5,4.56,11.3,336.0,0.0,,41.9,9.7,17.3,4.333333333333333,54.333333333333336,other,Bajo,2.716666666666667
7,Main,Nocturne,4,5.0,2.0,2,2.0,1,1,50.0,3.0,4.0,4.0,1.75,166.5,6.06,9.9,362.0,0.0,,50.0,21.4,20.4,1.75,51.75,other,Bajo,2.5875
7,Main,Alistar,4,5.0,2.0,2,2.0,0,2,0.0,0.0,2.5,3.0,1.2,28.5,0.88,7.8,238.0,0.0,,54.5,0.0,14.5,1.2,1.2,other,Bajo,0.06
7,Main,Nidalee,4,5.0,3.0,1,1.0,0,1,0.0,2.0,3.0,1.0,1.0,219.0,5.65,12.5,323.0,0.0,,100.0,66.7,19.0,1.0,1.0,other,Bajo,0.05
7,Main,Camille,3,3.8,,3,2.0,1,2,33.3,2.33,1.67,1.0,2.0,259.0,8.95,11.7,404.0,0.0,,40.0,28.0,22.6,1.9940119760479043,35.2940119760479,other,Bajo,1.3411724550898199
7,Main,Yasuo,3,3.8,,3,3.0,1,2,33.3,2.67,3.0,4.67,2.44,403.67,9.54,16.7,394.0,0.0,,66.7,24.2,21.9,2.4466666666666668,35.74666666666666,other,Bajo,1.358373333333333
7,Main,Graves,3,3.8,1.0,2,1.0,1,1,50.0,1.5,3.0,4.5,2.0,206.0,5.6,13.1,355.0,0.0,,66.7,16.7,19.0,2.0,52.0,other,Bajo,1.976
7,Main,Urgot,3,3.8,1.0,2,1.0,1,1,50.0,2.0,4.0,2.0,1.0,254.0,8.14,11.5,368.0,0.0,,44.4,22.2,20.3,1.0,51.0,other,Bajo,1.9379999999999997
7,Main,Morgana,2,2.5,,2,2.0,0,2,0.0,1.5,2.5,13.0,5.8,20.0,0.47,13.8,325.0,0.0,,78.4,8.1,17.5,5.8,5.8,other,Bajo,0.145
7,Main,Braum,2,2.5,1.0,1,1.0,1,0,100.0,0.0,1.0,13.0,13.0,63.0,1.68,10.5,280.0,0.0,,81.3,0.0,14.4,13.0,113.0,other,Bajo,2.825
7,Main,Nasus,2,2.5,1.0,1,1.0,1,0,100.0,2.0,0.0,0.0,2.0,205.0,9.82,9.4,450.0,0.0,,40.0,40.0,22.9,2.0,102.0,other,Bajo,2.55
7,Main,Jax,2,2.5,1.0,1,1.0,0,1,0.0,3.0,4.0,4.0,1.75,358.0,8.04,16.3,366.0,0.0,,46.7,20.0,21.1,1.75,1.75,other,Bajo,0.04375
7,Main,Vladimir,2,2.5,1.0,1,1.0,0,1,0.0,1.0,1.0,5.0,6.0,306.0,9.44,11.3,349.0,0.0,,75.0,12.5,21.6,6.0,6.0,other,Bajo,0.15
7,Main,Ashe,1,1.3,,1,1.0,1,0,100.0,5.0,0.0,3.0,8.0,308.0,9.63,15.0,469.0,0.0,,53.3,33.3,22.4,8.0,108.0,other,Bajo,1.4040000000000001
7,Main,Lissandra,1,1.3,,1,1.0,1,0,100.0,3.0,1.0,6.0,9.0,366.0,10.79,15.9,469.0,0.0,,81.8,27.3,23.3,9.0,109.0,other,Bajo,1.4170000000000003
7,Main,Tahm Kench,1,1.3,,1,1.0,1,0,100.0,1.0,1.0,0.0,1.0,61.0,1.61,10.1,267.0,0.0,,16.7,16.7,14.6,1.0,101.0,other,Bajo,1.3130000000000002
7,Main,Aurelion Sol,1,1.3,,1,1.0,0,1,0.0,3.0,4.0,7.0,2.5,512.0,9.45,22.0,406.0,0.0,,90.9,27.3,22.7,2.5,2.5,other,Bajo,0.0325
7,Main,Ekko,1,1.3,,1,1.0,0,1,0.0,3.0,2.0,3.0,3.0,462.0,9.62,20.5,427.0,0.0,,75.0,37.5,23.0,3.0,3.0,other,Bajo,0.03900000000000001
7,Main,Gangplank,1,1.3,,1,1.0,0,1,0.0,2.0,4.0,4.0,1.5,373.0,9.63,17.6,455.0,0.0,,85.7,28.6,27.1,1.5,1.5,other,Bajo,0.019500000000000003
7,Main,Jinx,1,1.3,,1,1.0,0,1,0.0,0.0,2.0,0.0,0.0,533.0,11.39,19.3,413.0,0.0,,,,25.4,0.0,0.0,other,Bajo,0.0
7,Main,Mordekaiser,1,1.3,,1,1.0,0,1,0.0,0.0,8.0,0.0,0.0,140.0,5.84,6.4,267.0,0.0,,0.0,0.0,19.3,0.0,0.0,other,Bajo,0.0
7,Main,Nami,1,1.3,,1,1.0,0,1,0.0,1.0,2.0,6.0,3.5,22.0,0.49,12.6,278.0,0.0,,100.0,14.3,16.7,3.5,3.5,other,Bajo,0.0455
7,Main,Rengar,1,1.3,,1,1.0,0,1,0.0,6.0,6.0,1.0,1.17,274.0,5.71,16.6,346.0,0.0,,43.8,37.5,19.2,1.1666666666666667,1.1666666666666667,other,Bajo,0.015166666666666669
7,Main,Sona,1,1.3,,1,1.0,0,1,0.0,0.0,4.0,5.0,1.25,38.0,1.19,9.4,295.0,0.0,,71.4,0.0,17.6,1.25,1.25,other,Bajo,0.01625
7,Main,Zilean,1,1.3,,1,1.0,0,1,0.0,2.0,5.0,12.0,2.8,34.0,0.71,14.4,300.0,0.0,,87.5,12.5,16.7,2.8,2.8,other,Bajo,0.036399999999999995
8,Play in,Heimerdinger,17,40.5,14.0,3,1.0,0,3,0.0,0.0,5.0,1.33,0.27,189.33,7.04,7.7,288.0,0.0,,28.6,0.0,19.6,0.266,0.266,other,Medio,0.10772999999999999
8,Play in,Ziggs,7,16.7,6.0,1,1.0,0,1,0.0,4.0,2.0,7.0,5.5,341.0,7.84,16.4,378.0,0.0,,78.6,28.6,21.6,5.5,5.5,other,Bajo,0.9185
8,Play in,Cassiopeia,6,14.3,2.0,4,4.0,0,4,0.0,2.0,4.75,5.25,1.53,291.0,8.64,12.1,359.0,0.0,,82.9,22.9,22.4,1.5263157894736843,1.5263157894736843,other,Bajo,0.21826315789473685
8,Play in,Zoe,6,14.3,5.0,1,1.0,0,1,0.0,0.0,6.0,3.0,0.5,206.0,6.81,9.0,297.0,0.0,,75.0,0.0,20.0,0.5,0.5,other,Bajo,0.07150000000000001
8,Play in,Malzahar,5,11.9,1.0,4,3.0,1,3,25.0,2.5,3.0,3.0,1.83,254.75,8.84,11.0,380.0,0.0,,71.0,32.3,23.8,1.8333333333333333,26.833333333333332,other,Bajo,3.1931666666666665
8,Play in,Pyke,5,11.9,3.0,2,2.0,0,2,0.0,1.5,5.0,2.5,0.8,34.0,1.2,6.2,218.0,0.0,,53.3,20.0,14.1,0.8,0.8,other,Bajo,0.0952
8,Play in,Anivia,5,11.9,4.0,1,1.0,1,0,100.0,3.0,0.0,12.0,15.0,289.0,8.0,13.3,369.0,0.0,,83.3,16.7,21.3,15.0,115.0,other,Bajo,13.685
8,Play in,Zilean,5,11.9,4.0,1,1.0,1,0,100.0,2.0,0.0,3.0,5.0,280.0,8.81,12.5,394.0,0.0,,100.0,40.0,21.7,5.0,105.0,other,Bajo,12.495
8,Play in,Ezreal,4,9.5,,4,2.0,1,3,25.0,1.5,2.0,2.25,1.88,261.25,9.23,11.1,392.0,0.0,,68.2,27.3,23.9,1.875,26.875,other,Bajo,2.553125
8,Play in,Trundle,4,9.5,1.0,3,3.0,0,3,0.0,1.33,3.33,4.33,1.7,142.0,4.43,9.1,283.0,0.0,,89.5,21.1,17.7,1.6996996996996998,1.6996996996996998,other,Bajo,0.16147147147147148
8,Play in,Lee Sin,4,9.5,2.0,2,2.0,1,1,50.0,4.0,2.5,7.0,4.4,153.5,5.31,10.5,363.0,0.0,,73.3,26.7,20.2,4.4,54.4,other,Bajo,5.167999999999999
8,Play in,Vel'Koz,4,9.5,3.0,1,1.0,1,0,100.0,4.0,1.0,6.0,10.0,353.0,10.04,15.4,437.0,0.0,,62.5,25.0,21.9,10.0,110.0,other,Bajo,10.45
8,Play in,Yasuo,4,9.5,3.0,1,1.0,1,0,100.0,1.0,1.0,12.0,13.0,210.0,8.39,10.5,421.0,0.0,,81.3,6.3,21.6,13.0,113.0,other,Bajo,10.735
8,Play in,Jarvan IV,3,7.1,,3,3.0,1,2,33.3,1.67,2.33,8.33,4.29,191.0,6.37,10.2,340.0,0.0,,81.1,13.5,19.4,4.291845493562231,37.59184549356223,other,Bajo,2.6690210300429187
8,Play in,Kassadin,3,7.1,,3,3.0,1,2,33.3,3.33,2.67,3.33,2.5,251.33,8.95,11.1,396.0,0.0,,76.9,38.5,23.5,2.4943820224719104,35.79438202247191,other,Bajo,2.5414011235955054
8,Play in,Cho'Gath,3,7.1,1.0,2,2.0,1,1,50.0,1.5,2.0,2.5,2.0,298.5,8.92,12.5,375.0,0.0,,36.4,13.6,21.6,2.0,52.0,other,Bajo,3.6919999999999997
8,Play in,Darius,3,7.1,2.0,1,1.0,1,0,100.0,1.0,1.0,5.0,6.0,285.0,8.61,14.4,435.0,0.0,,54.5,9.1,21.6,6.0,106.0,other,Bajo,7.525999999999999
8,Play in,Singed,3,7.1,2.0,1,1.0,1,0,100.0,2.0,2.0,7.0,4.5,263.0,9.59,12.3,450.0,0.0,,50.0,11.1,21.0,4.5,104.5,other,Bajo,7.419499999999999
8,Play in,Graves,2,4.8,,2,2.0,1,1,50.0,3.5,1.0,5.5,9.0,199.5,6.77,11.9,403.0,0.0,,85.7,33.3,22.3,9.0,59.0,other,Bajo,2.832
8,Play in,Vayne,2,4.8,,2,2.0,0,2,0.0,2.0,3.0,0.5,0.83,272.5,8.82,10.7,347.0,0.0,,33.3,26.7,23.2,0.8333333333333334,0.8333333333333334,other,Bajo,0.04
8,Play in,Viktor,2,4.8,,2,2.0,0,2,0.0,1.0,2.5,2.0,1.2,301.5,9.09,11.7,354.0,0.0,,50.0,16.7,22.3,1.2,1.2,other,Bajo,0.0576
8,Play in,Ashe,2,4.8,1.0,1,1.0,0,1,0.0,0.0,3.0,2.0,0.67,280.0,9.31,10.3,342.0,0.0,,66.7,0.0,23.4,0.6666666666666666,0.6666666666666666,other,Bajo,0.032
8,Play in,Gnar,2,4.8,1.0,1,1.0,0,1,0.0,0.0,2.0,0.0,0.0,183.0,8.35,6.8,312.0,0.0,,0.0,0.0,21.9,0.0,0.0,other,Bajo,0.0
8,Play in,Sejuani,2,4.8,1.0,1,1.0,0,1,0.0,0.0,3.0,4.0,1.33,163.0,4.72,9.5,274.0,0.0,,50.0,0.0,17.0,1.3333333333333333,1.3333333333333333,other,Bajo,0.064
8,Play in,Gangplank,1,2.4,,1,1.0,1,0,100.0,2.0,3.0,10.0,4.0,319.0,9.17,16.2,466.0,0.0,,85.7,14.3,25.2,4.0,104.0,other,Bajo,2.496
8,Play in,Kalista,1,2.4,,1,1.0,1,0,100.0,5.0,2.0,8.0,6.5,365.0,10.08,16.4,454.0,0.0,,68.4,26.3,24.6,6.5,106.5,other,Bajo,2.556
8,Play in,Zac,1,2.4,,1,1.0,1,0,100.0,3.0,1.0,11.0,14.0,151.0,4.04,12.2,327.0,0.0,,77.8,16.7,17.5,14.0,114.0,other,Bajo,2.7359999999999998
8,Play in,Ahri,1,2.4,,1,1.0,0,1,0.0,1.0,3.0,11.0,4.0,280.0,7.51,13.8,369.0,0.0,,92.3,7.7,20.6,4.0,4.0,other,Bajo,0.096
8,Play in,Caitlyn,1,2.4,,1,1.0,0,1,0.0,4.0,1.0,6.0,10.0,379.0,10.73,15.4,435.0,0.0,,100.0,40.0,26.8,10.0,10.0,other,Bajo,0.24
8,Play in,Corki,1,2.4,,1,1.0,0,1,0.0,4.0,3.0,2.0,2.0,257.0,9.46,10.7,393.0,0.0,,66.7,44.4,24.2,2.0,2.0,other,Bajo,0.048
8,Play in,Fiora,1,2.4,,1,1.0,0,1,0.0,4.0,4.0,2.0,1.5,274.0,9.68,12.2,432.0,0.0,,54.5,36.4,24.9,1.5,1.5,other,Bajo,0.036
8,Play in,Kog'Maw,1,2.4,,1,1.0,0,1,0.0,0.0,1.0,2.0,2.0,229.0,8.96,9.0,351.0,0.0,,100.0,0.0,23.3,2.0,2.0,other,Bajo,0.048
8,Play in,Lulu,1,2.4,,1,1.0,0,1,0.0,0.0,6.0,1.0,0.17,141.0,5.53,6.4,249.0,0.0,,50.0,0.0,17.9,0.16666666666666666,0.16666666666666666,other,Bajo,0.004
8,Play in,Nidalee,1,2.4,,1,1.0,0,1,0.0,0.0,1.0,0.0,0.0,134.0,5.56,7.2,298.0,0.0,,,,19.7,0.0,0.0,other,Bajo,0.0
8,Play in,Soraka,1,2.4,,1,1.0,0,1,0.0,1.0,2.0,2.0,1.5,11.0,0.31,6.6,187.0,0.0,,50.0,16.7,12.7,1.5,1.5,other,Bajo,0.036
8,Play in,Taric,1,2.4,,1,1.0,0,1,0.0,0.0,3.0,10.0,3.33,81.0,2.0,10.1,248.0,0.0,,71.4,0.0,13.9,3.3333333333333335,3.3333333333333335,other,Bajo,0.08
8,Main,Skarner,11,14.3,8.0,3,3.0,0,3,0.0,1.0,3.33,6.0,2.1,174.0,4.88,10.6,298.0,0.0,,75.0,10.7,17.8,2.1021021021021022,2.1021021021021022,other,Bajo,0.3006006006006006
8,Main,Zilean,9,11.7,7.0,2,1.0,1,1,50.0,7.5,2.0,8.0,7.75,339.5,9.43,16.0,444.0,0.0,,86.1,41.7,24.9,7.75,57.75,other,Bajo,6.756749999999999
8,Main,Draven,8,10.4,6.0,2,1.0,1,1,50.0,4.5,1.5,5.5,6.67,317.5,9.75,15.7,483.0,0.0,,95.2,42.9,27.4,6.666666666666667,56.666666666666664,other,Bajo,5.8933333333333335
8,Main,Ekko,5,6.5,1.0,4,2.0,1,3,25.0,3.75,4.5,2.75,1.44,293.75,8.57,13.2,385.0,0.0,,66.7,38.5,22.6,1.4444444444444444,26.444444444444443,other,Bajo,1.718888888888889
8,Main,Vel'Koz,5,6.5,3.0,2,2.0,1,1,50.0,1.5,2.0,3.5,2.5,334.0,8.77,13.9,366.0,0.0,,55.6,16.7,21.2,2.5,52.5,other,Bajo,3.4125
8,Main,Graves,4,5.2,,4,3.0,1,3,25.0,3.25,1.75,2.25,3.14,175.75,6.02,10.2,351.0,0.0,,88.0,52.0,21.3,3.142857142857143,28.142857142857142,other,Bajo,1.4634285714285715
8,Main,Jax,4,5.2,2.0,2,2.0,1,1,50.0,1.5,2.5,5.5,2.8,247.5,8.33,11.6,389.0,0.0,,58.3,12.5,21.4,2.8,52.8,other,Bajo,2.7456
8,Main,Cho'Gath,3,3.9,,3,3.0,1,2,33.3,2.0,2.33,3.0,2.14,262.0,7.48,11.6,330.0,0.0,,55.6,22.2,20.0,2.1459227467811157,35.445922746781115,other,Bajo,1.3823909871244635
8,Main,Jarvan IV,3,3.9,,3,3.0,1,2,33.3,2.33,3.67,8.33,2.91,164.0,4.85,11.2,331.0,0.0,,94.1,20.6,18.8,2.904632152588556,36.20463215258855,other,Bajo,1.4119806539509534
8,Main,Cassiopeia,3,3.9,,3,2.0,0,3,0.0,1.67,1.67,0.33,1.2,350.33,10.2,13.2,384.0,0.0,,60.0,50.0,23.8,1.1976047904191618,1.1976047904191618,other,Bajo,0.046706586826347304
8,Main,Gangplank,3,3.9,1.0,2,2.0,1,1,50.0,2.5,1.5,7.0,6.33,306.5,9.43,15.7,483.0,0.0,,52.8,13.9,25.7,6.333333333333333,56.333333333333336,other,Bajo,2.197
8,Main,Nautilus,3,3.9,1.0,2,2.0,1,1,50.0,0.5,5.0,8.0,1.7,90.0,2.11,10.2,238.0,0.0,,63.0,3.7,13.9,1.7,51.7,other,Bajo,2.0162999999999998
8,Main,Zoe,3,3.9,1.0,2,2.0,0,2,0.0,1.5,3.0,4.5,2.0,331.0,8.51,13.7,352.0,0.0,,80.0,20.0,22.0,2.0,2.0,other,Bajo,0.078
8,Main,Yasuo,3,3.9,2.0,1,1.0,1,0,100.0,1.0,5.0,9.0,2.0,380.0,7.96,17.7,372.0,0.0,,83.3,8.3,22.0,2.0,102.0,other,Bajo,3.978
8,Main,Zac,3,3.9,2.0,1,1.0,1,0,100.0,0.0,0.0,10.0,10.0,138.0,4.95,9.1,326.0,0.0,,76.9,0.0,17.1,10.0,110.0,other,Bajo,4.29
8,Main,Malzahar,3,3.9,2.0,1,1.0,0,1,0.0,0.0,3.0,4.0,1.33,321.0,9.21,12.0,344.0,0.0,,66.7,0.0,21.3,1.3333333333333333,1.3333333333333333,other,Bajo,0.05199999999999999
8,Main,Kalista,2,2.6,,2,2.0,1,1,50.0,2.5,2.5,6.5,3.6,268.0,9.45,11.2,396.0,0.0,,64.3,17.9,22.7,3.6,53.6,other,Bajo,1.3936000000000002
8,Main,Fiora,2,2.6,,2,1.0,0,2,0.0,3.0,1.5,1.5,3.0,361.0,10.34,15.3,438.0,0.0,,52.9,35.3,25.2,3.0,3.0,other,Bajo,0.07800000000000001
8,Main,Hecarim,2,2.6,1.0,1,1.0,1,0,100.0,5.0,2.0,3.0,4.0,342.0,9.37,16.2,444.0,0.0,,61.5,38.5,23.0,4.0,104.0,other,Bajo,2.704
8,Main,Ahri,1,1.3,,1,1.0,1,0,100.0,3.0,3.0,7.0,3.33,267.0,8.97,12.4,418.0,0.0,,71.4,21.4,21.2,3.3333333333333335,103.33333333333333,other,Bajo,1.3433333333333335
8,Main,Kled,1,1.3,,1,1.0,1,0,100.0,2.0,1.0,7.0,9.0,234.0,8.56,10.8,394.0,0.0,,45.0,10.0,19.5,9.0,109.0,other,Bajo,1.4170000000000003
8,Main,Rek'Sai,1,1.3,,1,1.0,1,0,100.0,10.0,3.0,8.0,6.0,210.0,6.01,15.4,442.0,0.0,,66.7,37.0,21.2,6.0,106.0,other,Bajo,1.3780000000000001
8,Main,Singed,1,1.3,,1,1.0,1,0,100.0,5.0,1.0,7.0,12.0,324.0,9.84,14.2,431.0,0.0,,70.6,29.4,22.5,12.0,112.0,other,Bajo,1.456
8,Main,Ashe,1,1.3,,1,1.0,0,1,0.0,2.0,2.0,8.0,5.0,440.0,10.0,17.8,404.0,0.0,,55.6,11.1,23.8,5.0,5.0,other,Bajo,0.065
8,Main,Bard,1,1.3,,1,1.0,0,1,0.0,1.0,2.0,2.0,1.5,26.0,0.8,6.9,213.0,0.0,,75.0,25.0,14.4,1.5,1.5,other,Bajo,0.019500000000000003
8,Main,Brand,1,1.3,,1,1.0,0,1,0.0,5.0,5.0,7.0,2.4,376.0,8.61,18.3,420.0,0.0,,66.7,27.8,22.5,2.4,2.4,other,Bajo,0.031200000000000002
8,Main,Elise,1,1.3,,1,1.0,0,1,0.0,0.0,2.0,4.0,2.0,107.0,3.91,6.7,246.0,0.0,,100.0,0.0,17.4,2.0,2.0,other,Bajo,0.026000000000000002
8,Main,Evelynn,1,1.3,,1,1.0,0,1,0.0,0.0,1.0,2.0,2.0,129.0,5.13,7.0,279.0,0.0,,66.7,0.0,19.0,2.0,2.0,other,Bajo,0.026000000000000002
8,Main,Kassadin,1,1.3,,1,1.0,0,1,0.0,0.0,3.0,1.0,0.33,204.0,7.22,8.3,293.0,0.0,,20.0,0.0,19.6,0.3333333333333333,0.3333333333333333,other,Bajo,0.004333333333333333
8,Main,Lulu,1,1.3,,1,1.0,0,1,0.0,0.0,0.0,5.0,5.0,332.0,9.36,12.7,359.0,0.0,,100.0,0.0,21.3,5.0,5.0,other,Bajo,0.065
8,Main,Mordekaiser,1,1.3,,1,1.0,0,1,0.0,0.0,3.0,3.0,1.0,249.0,7.49,10.1,304.0,0.0,,75.0,0.0,20.0,1.0,1.0,other,Bajo,0.013000000000000001
8,Main,Nami,1,1.3,,1,1.0,0,1,0.0,0.0,3.0,1.0,0.33,10.0,0.44,4.1,181.0,0.0,,20.0,0.0,12.2,0.3333333333333333,0.3333333333333333,other,Bajo,0.004333333333333333
8,Main,Nidalee,1,1.3,,1,1.0,0,1,0.0,0.0,4.0,3.0,0.75,129.0,5.25,6.9,280.0,0.0,,60.0,0.0,18.8,0.75,0.75,other,Bajo,0.009750000000000002
8,Main,Trundle,1,1.3,,1,1.0,0,1,0.0,0.0,5.0,5.0,1.0,129.0,3.92,8.6,262.0,0.0,,62.5,0.0,15.8,1.0,1.0,other,Bajo,0.013000000000000001
9,Play in,Pantheon,43,100.0,42.0,1,1.0,1,0,100.0,5.0,7.0,10.0,2.14,261.0,6.52,14.5,362.0,0.0,,71.4,23.8,19.1,2.142857142857143,102.14285714285714,other,Súper Popular,102.14285714285714
9,Play in,Skarner,13,30.2,7.0,6,5.0,1,5,16.7,0.33,3.33,7.83,2.45,153.33,3.99,10.4,270.0,0.0,,71.0,2.9,16.1,2.4504504504504503,19.15045045045045,other,Medio,5.7834360360360355
9,Play in,Irelia,13,30.2,9.0,4,4.0,1,3,25.0,4.5,3.25,4.0,2.62,274.5,8.63,13.3,419.0,0.0,,63.0,33.3,23.8,2.6153846153846154,27.615384615384617,other,Medio,8.339846153846153
9,Play in,Olaf,12,27.9,10.0,2,2.0,1,1,50.0,2.5,1.5,4.0,4.33,135.5,4.48,9.0,299.0,0.0,,54.2,20.8,16.7,4.333333333333333,54.333333333333336,other,Medio,15.159
9,Play in,Camille,9,20.9,2.0,7,5.0,1,6,14.3,2.29,3.14,3.43,1.82,254.0,7.67,12.1,364.0,0.0,,65.6,26.2,22.0,1.821656050955414,16.121656050955416,other,Medio,3.3694261146496816
9,Play in,Galio,8,18.6,5.0,3,3.0,1,2,33.3,2.0,3.0,4.33,2.11,244.67,7.08,11.4,330.0,0.0,,52.8,16.7,19.4,2.11,35.41,other,Bajo,6.586259999999999
9,Play in,Alistar,7,16.3,4.0,3,3.0,1,2,33.3,0.67,2.33,4.0,2.0,46.0,1.56,6.5,222.0,0.0,,60.9,8.7,13.3,2.004291845493562,35.30429184549356,other,Bajo,5.75459957081545
9,Play in,Caitlyn,7,16.3,4.0,3,3.0,0,3,0.0,2.0,3.67,1.67,1.0,287.33,9.47,12.0,397.0,0.0,,45.8,25.0,24.8,1.0,1.0,other,Bajo,0.163
9,Play in,Draven,7,16.3,6.0,1,1.0,1,0,100.0,3.0,1.0,7.0,10.0,234.0,9.64,12.2,501.0,0.0,,71.4,21.4,24.9,10.0,110.0,other,Bajo,17.93
9,Play in,Yasuo,6,14.0,4.0,2,2.0,1,1,50.0,2.5,2.5,4.0,2.6,251.0,8.99,11.6,414.0,0.0,,81.3,31.3,23.3,2.6,52.6,other,Bajo,7.364
9,Play in,Jayce,5,11.6,2.0,3,3.0,1,2,33.3,1.33,3.33,5.0,1.9,302.0,9.24,14.0,427.0,0.0,,76.0,16.0,24.7,1.9009009009009008,35.2009009009009,other,Bajo,4.083304504504504
9,Play in,Karma,5,11.6,2.0,3,3.0,1,2,33.3,1.67,3.0,6.0,2.56,181.33,4.99,11.2,309.0,0.0,,71.9,15.6,18.1,2.5566666666666666,35.85666666666666,other,Bajo,4.159373333333332
9,Play in,Karthus,5,11.6,2.0,3,2.0,1,2,33.3,2.67,3.0,3.33,2.0,232.67,6.69,12.8,367.0,0.0,,48.6,21.6,20.9,2.0,35.3,other,Bajo,4.094799999999999
9,Play in,Aatrox,4,9.3,,4,3.0,1,3,25.0,2.75,2.5,3.75,2.6,219.25,7.11,11.2,365.0,0.0,,70.3,29.7,22.3,2.6,27.6,other,Bajo,2.5668
9,Play in,Ekko,4,9.3,,4,3.0,0,4,0.0,1.25,5.0,4.75,1.2,165.75,4.68,10.1,285.0,0.0,,68.6,14.3,17.7,1.2,1.2,other,Bajo,0.1116
9,Play in,Sivir,4,9.3,1.0,3,3.0,1,2,33.3,1.33,2.33,4.33,2.43,361.33,9.89,15.0,410.0,0.0,,54.8,12.9,23.4,2.429184549356223,35.72918454935622,other,Bajo,3.3228141630901287
9,Play in,Quinn,4,9.3,2.0,2,2.0,1,1,50.0,5.0,3.5,2.0,2.0,328.0,8.96,15.4,422.0,0.0,,58.3,41.7,23.6,2.0,52.0,other,Bajo,4.836
9,Play in,Shen,4,9.3,2.0,2,2.0,1,1,50.0,1.5,5.5,7.5,1.64,197.0,4.7,13.3,317.0,0.0,,64.3,10.7,17.9,1.6363636363636365,51.63636363636363,other,Bajo,4.802181818181818
9,Play in,Cassiopeia,4,9.3,3.0,1,1.0,1,0,100.0,6.0,4.0,10.0,4.0,282.0,8.93,14.9,471.0,0.0,,64.0,24.0,23.0,4.0,104.0,other,Bajo,9.672
9,Play in,Mordekaiser,3,7.0,1.0,2,2.0,0,2,0.0,3.0,4.5,1.0,0.89,224.5,7.35,11.1,363.0,0.0,,40.0,30.0,21.7,0.8888888888888888,0.8888888888888888,other,Bajo,0.062222222222222213
9,Play in,Ornn,3,7.0,2.0,1,1.0,1,0,100.0,1.0,4.0,11.0,3.0,210.0,5.04,12.7,304.0,0.0,,75.0,6.3,16.7,3.0,103.0,other,Bajo,7.21
9,Play in,Blitzcrank,2,4.7,,2,1.0,1,1,50.0,1.5,3.5,4.5,1.71,18.0,0.46,9.4,242.0,0.0,,48.0,12.0,13.5,1.7142857142857142,51.714285714285715,other,Bajo,2.4305714285714286
9,Play in,Cho'Gath,2,4.7,,2,1.0,1,1,50.0,4.0,3.5,6.5,3.0,281.5,6.75,15.2,365.0,0.0,,45.7,17.4,19.2,3.0,53.0,other,Bajo,2.491
9,Play in,Hecarim,2,4.7,,2,1.0,1,1,50.0,5.5,2.0,4.5,5.0,163.5,5.43,11.4,377.0,0.0,,66.7,36.7,20.4,5.0,55.0,other,Bajo,2.585
9,Play in,Jhin,2,4.7,,2,1.0,1,1,50.0,6.5,1.0,7.0,13.5,427.0,10.11,20.4,483.0,0.0,,58.7,28.3,25.1,13.5,63.5,other,Bajo,2.9844999999999997
9,Play in,Azir,2,4.7,,2,2.0,0,2,0.0,1.0,1.5,0.0,0.67,293.0,9.26,11.4,361.0,0.0,,40.0,40.0,23.5,0.6666666666666666,0.6666666666666666,other,Bajo,0.03133333333333333
9,Play in,Fiddlesticks,2,4.7,1.0,1,1.0,1,0,100.0,0.0,1.0,9.0,9.0,27.0,0.69,9.0,232.0,0.0,,64.3,0.0,12.8,9.0,109.0,other,Bajo,5.123000000000001
9,Play in,Veigar,2,4.7,1.0,1,1.0,1,0,100.0,2.0,0.0,3.0,5.0,332.0,9.05,15.0,409.0,0.0,,83.3,33.3,22.0,5.0,105.0,other,Bajo,4.935
9,Play in,Braum,2,4.7,1.0,1,1.0,0,1,0.0,1.0,3.0,3.0,1.33,84.0,2.16,9.8,251.0,0.0,,23.5,5.9,14.2,1.3333333333333333,1.3333333333333333,other,Bajo,0.06266666666666666
9,Play in,Jinx,2,4.7,1.0,1,1.0,0,1,0.0,1.0,2.0,2.0,1.5,302.0,10.07,11.7,389.0,0.0,,50.0,16.7,25.1,1.5,1.5,other,Bajo,0.07050000000000001
9,Play in,Fiora,1,2.3,,1,1.0,1,0,100.0,4.0,3.0,4.0,2.67,413.0,10.18,20.6,507.0,0.0,,44.4,22.2,25.9,2.6666666666666665,102.66666666666667,other,Bajo,2.361333333333333
9,Play in,Kha'Zix,1,2.3,,1,1.0,1,0,100.0,4.0,8.0,9.0,1.63,186.0,4.08,15.5,340.0,0.0,,59.1,18.2,17.7,1.625,101.625,other,Bajo,2.3373749999999998
9,Play in,Zoe,1,2.3,,1,1.0,1,0,100.0,3.0,0.0,6.0,9.0,215.0,8.85,10.3,423.0,0.0,,64.3,21.4,21.0,9.0,109.0,other,Bajo,2.5069999999999997
9,Play in,Garen,1,2.3,,1,1.0,0,1,0.0,3.0,3.0,8.0,3.67,259.0,6.22,14.4,345.0,0.0,,44.0,12.0,18.4,3.6666666666666665,3.6666666666666665,other,Bajo,0.08433333333333332
9,Play in,Lux,1,2.3,,1,1.0,0,1,0.0,0.0,3.0,1.0,0.33,15.0,0.49,6.2,204.0,0.0,,50.0,0.0,12.8,0.3333333333333333,0.3333333333333333,other,Bajo,0.007666666666666666
9,Play in,Nidalee,1,2.3,,1,1.0,0,1,0.0,1.0,2.0,1.0,1.0,102.0,4.49,6.3,278.0,0.0,,100.0,50.0,19.6,1.0,1.0,other,Bajo,0.023
9,Play in,Sejuani,1,2.3,,1,1.0,0,1,0.0,0.0,3.0,1.0,0.33,134.0,4.72,8.0,282.0,0.0,,100.0,0.0,19.0,0.3333333333333333,0.3333333333333333,other,Bajo,0.007666666666666666
9,Play in,Sylas,1,2.3,,1,1.0,0,1,0.0,1.0,4.0,3.0,1.0,244.0,7.05,10.8,311.0,0.0,,33.3,8.3,19.2,1.0,1.0,other,Bajo,0.023
9,Play in,Vi,1,2.3,,1,1.0,0,1,0.0,0.0,7.0,4.0,0.57,113.0,3.64,7.8,250.0,0.0,,36.4,0.0,14.9,0.5714285714285714,0.5714285714285714,other,Bajo,0.01314285714285714
9,Play in,Xin Zhao,1,2.3,,1,1.0,0,1,0.0,3.0,3.0,2.0,1.67,179.0,5.24,11.4,333.0,0.0,,55.6,33.3,19.6,1.6666666666666667,1.6666666666666667,other,Bajo,0.03833333333333333
9,Play in,Ziggs,1,2.3,,1,1.0,0,1,0.0,5.0,1.0,4.0,9.0,539.0,8.5,24.2,382.0,0.0,,56.3,31.3,23.3,9.0,9.0,other,Bajo,0.207
9,Main,Twisted Fate,17,22.1,14.0,3,2.0,1,2,33.3,2.0,3.67,5.0,1.91,276.67,8.89,13.8,445.0,0.0,,67.7,19.4,24.8,1.9073569482288828,35.20735694822888,other,Medio,7.780825885558582
9,Main,Rumble,15,19.5,12.0,3,2.0,1,2,33.3,6.33,1.67,5.67,7.2,219.0,6.7,12.5,384.0,0.0,,80.0,42.2,22.0,7.185628742514971,40.48562874251497,other,Bajo,7.8946976047904185
9,Main,Pyke,13,16.9,6.0,7,6.0,1,6,14.3,2.29,3.57,4.0,1.76,75.29,2.2,9.9,288.0,0.0,,68.8,25.0,16.4,1.761904761904762,16.061904761904763,other,Bajo,2.7144619047619045
9,Main,Heimerdinger,9,11.7,5.0,4,3.0,1,3,25.0,2.0,3.75,7.5,2.53,285.25,7.25,14.3,364.0,0.0,,70.4,14.8,20.0,2.533333333333333,27.53333333333333,other,Bajo,3.2214
9,Main,Quinn,9,11.7,7.0,2,2.0,1,1,50.0,2.5,3.0,4.0,2.17,234.5,7.78,11.7,388.0,0.0,,50.0,19.2,22.2,2.1666666666666665,52.166666666666664,other,Bajo,6.1034999999999995
9,Main,Sion,7,9.1,,7,6.0,1,6,14.3,1.0,2.86,3.43,1.55,262.0,7.54,11.4,328.0,0.0,,57.4,13.0,19.8,1.548951048951049,15.848951048951049,other,Bajo,1.4422545454545455
9,Main,Nocturne,7,9.1,3.0,4,3.0,1,3,25.0,0.75,3.5,4.5,1.5,170.25,5.53,9.6,313.0,0.0,,61.8,8.8,19.0,1.5,26.5,other,Bajo,2.4114999999999998
9,Main,Fiora,7,9.1,4.0,3,3.0,1,2,33.3,3.33,4.33,4.0,1.69,330.67,9.53,15.9,458.0,0.0,,56.4,25.6,23.9,1.6928406466512702,34.99284064665127,other,Bajo,3.184348498845265
9,Main,Jax,5,6.5,4.0,1,1.0,1,0,100.0,1.0,0.0,1.0,2.0,240.0,8.59,10.3,367.0,0.0,,18.2,9.1,19.9,2.0,102.0,other,Bajo,6.63
9,Main,Zoe,4,5.2,,4,4.0,1,3,25.0,2.75,1.25,5.75,6.8,247.25,7.1,12.5,359.0,0.0,,55.7,18.0,19.2,6.8,31.8,other,Bajo,1.6536000000000002
9,Main,Mordekaiser,4,5.2,,4,2.0,0,4,0.0,4.0,3.5,4.0,2.29,300.5,7.64,15.2,386.0,0.0,,42.7,21.3,21.3,2.2857142857142856,2.2857142857142856,other,Bajo,0.11885714285714286
9,Main,Cho'Gath,4,5.2,1.0,3,3.0,1,2,33.3,3.0,1.33,3.67,5.0,225.67,7.27,11.2,360.0,0.0,,57.1,25.7,20.5,5.015037593984962,38.31503759398496,other,Bajo,1.992381954887218
9,Main,Kennen,4,5.2,2.0,2,2.0,1,1,50.0,1.5,4.0,7.0,2.13,304.5,8.97,14.0,413.0,0.0,,68.0,12.0,22.4,2.125,52.125,other,Bajo,2.7105
9,Main,Skarner,4,5.2,2.0,2,2.0,0,2,0.0,1.0,3.0,5.5,2.17,160.0,4.93,9.8,303.0,0.0,,76.5,11.8,17.6,2.1666666666666665,2.1666666666666665,other,Bajo,0.11266666666666665
9,Main,Azir,3,3.9,,3,2.0,1,2,33.3,3.0,3.33,4.0,2.1,243.33,8.85,10.9,397.0,0.0,,65.6,28.1,22.9,2.1021021021021022,35.4021021021021,other,Bajo,1.380681981981982
9,Main,Poppy,3,3.9,,3,3.0,1,2,33.3,2.0,4.67,8.33,2.21,183.0,5.01,11.2,307.0,0.0,,66.0,12.8,17.3,2.2119914346895078,35.511991434689506,other,Bajo,1.3849676659528907
9,Main,Draven,3,3.9,1.0,2,1.0,1,1,50.0,4.5,2.5,4.5,3.6,283.0,9.28,13.8,452.0,0.0,,69.2,34.6,24.1,3.6,53.6,other,Bajo,2.0904
9,Main,Lissandra,3,3.9,1.0,2,2.0,1,1,50.0,2.5,3.0,4.5,2.33,246.0,8.19,11.4,379.0,0.0,,70.0,25.0,21.7,2.3333333333333335,52.333333333333336,other,Bajo,2.041
9,Main,Karthus,3,3.9,1.0,2,2.0,0,2,0.0,2.0,2.0,2.0,2.0,202.5,5.75,11.0,313.0,0.0,,88.9,44.4,19.3,2.0,2.0,other,Bajo,0.078
9,Main,Karma,3,3.9,2.0,1,1.0,1,0,100.0,0.0,2.0,13.0,6.5,14.0,0.39,8.2,227.0,0.0,,86.7,0.0,11.8,6.5,106.5,other,Bajo,4.153499999999999
9,Main,Corki,2,2.6,,2,1.0,1,1,50.0,4.5,1.0,3.5,8.0,321.0,10.13,14.6,461.0,0.0,,84.2,47.4,24.7,8.0,58.0,other,Bajo,1.508
9,Main,Jinx,2,2.6,,2,2.0,1,1,50.0,4.0,1.5,5.5,6.33,300.0,9.82,14.1,462.0,0.0,,65.5,27.6,24.0,6.333333333333333,56.333333333333336,other,Bajo,1.4646666666666668
9,Main,Lulu,2,2.6,,2,2.0,1,1,50.0,0.5,2.5,10.5,4.4,24.5,0.64,9.3,244.0,0.0,,88.0,4.0,14.0,4.4,54.4,other,Bajo,1.4143999999999999
9,Main,Sivir,2,2.6,1.0,1,1.0,1,0,100.0,11.0,0.0,5.0,16.0,483.0,11.81,22.2,543.0,0.0,,72.7,50.0,27.7,16.0,116.0,other,Bajo,3.016
9,Main,Sona,2,2.6,1.0,1,1.0,0,1,0.0,1.0,3.0,5.0,2.0,257.0,5.91,18.4,424.0,0.0,,75.0,12.5,22.7,2.0,2.0,other,Bajo,0.052000000000000005
9,Main,Sylas,2,2.6,1.0,1,1.0,0,1,0.0,4.0,4.0,11.0,3.75,239.0,5.69,14.8,352.0,0.0,,68.2,18.2,19.8,3.75,3.75,other,Bajo,0.0975
9,Main,Volibear,2,2.6,1.0,1,1.0,0,1,0.0,1.0,4.0,6.0,1.75,35.0,1.31,5.6,210.0,0.0,,77.8,11.1,13.2,1.75,1.75,other,Bajo,0.0455
9,Main,Ekko,1,1.3,,1,1.0,1,0,100.0,3.0,2.0,7.0,5.0,161.0,5.76,10.7,382.0,0.0,,90.9,27.3,20.6,5.0,105.0,other,Bajo,1.365
9,Main,Fiddlesticks,1,1.3,,1,1.0,1,0,100.0,2.0,3.0,8.0,3.33,18.0,0.53,8.6,256.0,0.0,,58.8,11.8,13.2,3.3333333333333335,103.33333333333333,other,Bajo,1.3433333333333335
9,Main,Kog'Maw,1,1.3,,1,1.0,1,0,100.0,12.0,6.0,8.0,3.33,402.0,9.16,22.4,509.0,0.0,,90.9,54.5,26.9,3.3333333333333335,103.33333333333333,other,Bajo,1.3433333333333335
9,Main,Malphite,1,1.3,,1,1.0,1,0,100.0,3.0,1.0,9.0,12.0,245.0,8.55,12.1,424.0,0.0,,60.0,15.0,20.3,12.0,112.0,other,Bajo,1.456
9,Main,Urgot,1,1.3,,1,1.0,1,0,100.0,8.0,5.0,10.0,3.6,287.0,5.9,20.3,418.0,0.0,,72.0,32.0,21.0,3.6,103.6,other,Bajo,1.3468
9,Main,Yorick,1,1.3,,1,1.0,1,0,100.0,2.0,2.0,3.0,2.5,254.0,8.18,12.6,407.0,0.0,,27.8,11.1,20.0,2.5,102.5,other,Bajo,1.3325
9,Main,Anivia,1,1.3,,1,1.0,0,1,0.0,1.0,2.0,0.0,0.5,362.0,11.21,12.8,397.0,0.0,,25.0,25.0,24.6,0.5,0.5,other,Bajo,0.006500000000000001
9,Main,Bard,1,1.3,,1,1.0,0,1,0.0,0.0,7.0,10.0,1.43,31.0,0.79,9.1,233.0,0.0,,83.3,0.0,13.8,1.4285714285714286,1.4285714285714286,other,Bajo,0.018571428571428572
9,Main,Caitlyn,1,1.3,,1,1.0,0,1,0.0,4.0,3.0,5.0,3.0,297.0,9.3,13.5,422.0,0.0,,60.0,26.7,25.7,3.0,3.0,other,Bajo,0.03900000000000001
9,Main,Kha'Zix,1,1.3,,1,1.0,0,1,0.0,1.0,1.0,2.0,3.0,193.0,6.33,10.4,340.0,0.0,,100.0,33.3,20.5,3.0,3.0,other,Bajo,0.03900000000000001
9,Main,Neeko,1,1.3,,1,1.0,0,1,0.0,1.0,3.0,4.0,1.67,292.0,8.45,12.2,353.0,0.0,,62.5,12.5,19.9,1.6666666666666667,1.6666666666666667,other,Bajo,0.02166666666666667
9,Main,Rengar,1,1.3,,1,1.0,0,1,0.0,5.0,4.0,0.0,1.25,208.0,7.96,10.6,404.0,0.0,,50.0,50.0,23.1,1.25,1.25,other,Bajo,0.01625
9,Main,Sejuani,1,1.3,,1,1.0,0,1,0.0,1.0,2.0,1.0,1.0,124.0,4.74,7.2,275.0,0.0,,100.0,50.0,19.6,1.0,1.0,other,Bajo,0.013000000000000001
9,Main,Viktor,1,1.3,,1,1.0,0,1,0.0,1.0,2.0,2.0,1.5,245.0,7.52,10.2,314.0,0.0,,60.0,20.0,19.5,1.5,1.5,other,Bajo,0.019500000000000003
9,Main,Zilean,1,1.3,,1,1.0,0,1,0.0,1.0,1.0,1.0,2.0,271.0,9.19,10.1,343.0,0.0,,100.0,50.0,23.2,2.0,2.0,other,Bajo,0.026000000000000002
10,Play in,Akali,12,31.6,11.0,1,1.0,0,1,0.0,0.0,4.0,4.0,1.0,222.0,7.33,9.2,305.0,12400.0,411.0,50.0,0.0,19.2,1.0,1.0,other,Medio,0.316
10,Play in,Mordekaiser,10,26.3,6.0,4,3.0,1,3,25.0,4.75,3.5,3.5,2.36,244.75,7.41,12.6,382.0,17100.0,519.0,67.3,38.8,22.6,2.357142857142857,27.357142857142858,other,Medio,7.194928571428571
10,Play in,Kalista,10,26.3,9.0,1,1.0,0,1,0.0,2.0,2.0,1.0,1.5,286.0,9.88,11.9,411.0,9600.0,333.0,100.0,66.7,26.2,1.5,1.5,other,Medio,0.3945
10,Play in,Thresh,9,23.7,7.0,2,2.0,0,2,0.0,0.0,1.5,2.0,1.33,31.5,0.97,6.3,195.0,2100.0,64.0,57.1,0.0,12.4,1.3333333333333333,1.3333333333333333,other,Medio,0.316
10,Play in,Sion,7,18.4,2.0,5,3.0,1,4,20.0,0.8,3.2,6.0,2.13,222.4,7.02,10.3,325.0,11300.0,357.0,63.0,7.4,19.6,2.125,22.125,other,Bajo,4.071
10,Play in,Sylas,7,18.4,2.0,5,5.0,1,4,20.0,2.8,4.2,4.2,1.67,207.8,6.79,10.6,346.0,12900.0,421.0,81.4,32.6,21.7,1.6666666666666665,21.666666666666668,other,Bajo,3.986666666666667
10,Play in,Lee Sin,6,15.8,2.0,4,4.0,1,3,25.0,3.25,3.75,4.75,2.13,186.0,5.18,11.3,314.0,8800.0,245.0,59.3,24.1,18.5,2.1333333333333333,27.133333333333333,other,Bajo,4.287066666666667
10,Play in,Pantheon,6,15.8,5.0,1,1.0,1,0,100.0,3.0,6.0,9.0,2.0,51.0,1.47,9.4,271.0,9700.0,280.0,66.7,16.7,14.4,2.0,102.0,other,Bajo,16.116
10,Play in,Malphite,5,13.2,3.0,2,1.0,1,1,50.0,2.0,4.0,5.5,1.88,252.5,8.24,11.3,369.0,15300.0,499.0,48.4,12.9,20.8,1.875,51.875,other,Bajo,6.8475
10,Play in,Ziggs,4,10.5,1.0,3,3.0,1,2,33.3,1.67,1.33,4.33,4.5,295.0,9.32,13.2,416.0,19100.0,602.0,60.0,16.7,24.5,4.511278195488722,37.81127819548872,other,Bajo,3.970184210526315
10,Play in,Cassiopeia,3,7.9,1.0,2,2.0,1,1,50.0,2.5,3.0,4.5,2.33,283.5,9.65,12.4,420.0,16400.0,558.0,82.4,29.4,25.6,2.3333333333333335,52.333333333333336,other,Bajo,4.134333333333334
10,Play in,Ekko,3,7.9,1.0,2,1.0,1,1,50.0,8.5,2.0,8.0,8.25,255.0,7.63,14.0,420.0,19200.0,576.0,82.5,42.5,23.6,8.25,58.25,other,Bajo,4.60175
10,Play in,Elise,3,7.9,1.0,2,1.0,1,1,50.0,2.5,4.0,5.5,2.0,179.0,5.23,10.6,309.0,11500.0,335.0,66.7,20.8,18.0,2.0,52.0,other,Bajo,4.1080000000000005
10,Play in,Lulu,3,7.9,1.0,2,1.0,1,1,50.0,1.5,2.0,8.5,5.0,213.5,6.95,10.6,346.0,10000.0,327.0,80.0,12.0,20.5,5.0,55.0,other,Bajo,4.345
10,Play in,Jax,3,7.9,2.0,1,1.0,1,0,100.0,6.0,2.0,5.0,5.5,287.0,8.59,15.2,456.0,15300.0,457.0,55.0,30.0,22.7,5.5,105.5,other,Bajo,8.3345
10,Play in,Karthus,3,7.9,2.0,1,1.0,0,1,0.0,3.0,6.0,6.0,1.5,195.0,6.84,11.2,392.0,14200.0,497.0,90.0,30.0,23.3,1.5,1.5,other,Bajo,0.11850000000000001
10,Play in,Gangplank,2,5.3,,2,2.0,1,1,50.0,1.0,3.0,4.5,1.83,262.5,8.4,11.8,378.0,15200.0,486.0,68.8,12.5,22.3,1.8333333333333333,51.833333333333336,other,Bajo,2.7471666666666668
10,Play in,Vayne,2,5.3,,2,2.0,1,1,50.0,4.5,3.0,3.5,2.67,265.5,8.59,12.9,416.0,19200.0,622.0,66.7,37.5,23.2,2.6666666666666665,52.666666666666664,other,Bajo,2.791333333333333
10,Play in,Taric,2,5.3,,2,1.0,0,2,0.0,0.0,2.0,2.5,1.25,34.5,1.28,5.5,204.0,1600.0,61.0,71.4,0.0,12.8,1.25,1.25,other,Bajo,0.06625
10,Play in,Morgana,2,5.3,1.0,1,1.0,1,0,100.0,1.0,3.0,10.0,3.67,34.0,1.15,7.5,251.0,7200.0,244.0,57.9,5.3,12.8,3.6666666666666665,103.66666666666667,other,Bajo,5.4943333333333335
10,Play in,Swain,2,5.3,1.0,1,1.0,1,0,100.0,5.0,4.0,5.0,2.5,234.0,6.91,12.9,380.0,27000.0,798.0,76.9,38.5,20.8,2.5,102.5,other,Bajo,5.4325
10,Play in,Tahm Kench,2,5.3,1.0,1,1.0,0,1,0.0,0.0,3.0,2.0,0.67,52.0,1.38,8.2,217.0,3600.0,97.0,28.6,0.0,13.2,0.6666666666666666,0.6666666666666666,other,Bajo,0.035333333333333335
10,Play in,Gnar,1,2.6,,1,1.0,1,0,100.0,1.0,1.0,5.0,6.0,251.0,8.14,11.6,377.0,13400.0,435.0,50.0,8.3,20.4,6.0,106.0,other,Bajo,2.7560000000000002
10,Play in,Karma,1,2.6,,1,1.0,1,0,100.0,1.0,2.0,23.0,12.0,42.0,1.42,8.0,270.0,5100.0,171.0,88.9,3.7,14.6,12.0,112.0,other,Bajo,2.912
10,Play in,Aatrox,1,2.6,,1,1.0,0,1,0.0,1.0,3.0,1.0,0.67,202.0,6.55,9.0,293.0,6400.0,206.0,66.7,33.3,20.0,0.6666666666666666,0.6666666666666666,other,Bajo,0.017333333333333333
10,Play in,Aphelios,1,2.6,,1,1.0,0,1,0.0,0.0,6.0,3.0,0.5,224.0,7.55,9.0,302.0,11700.0,395.0,33.3,0.0,20.0,0.5,0.5,other,Bajo,0.013000000000000001
10,Play in,Corki,1,2.6,,1,1.0,0,1,0.0,2.0,4.0,1.0,0.75,293.0,9.88,12.2,412.0,18700.0,631.0,37.5,25.0,24.9,0.75,0.75,other,Bajo,0.019500000000000003
10,Play in,Draven,1,2.6,,1,1.0,0,1,0.0,7.0,4.0,8.0,3.75,272.0,7.21,16.7,443.0,22000.0,584.0,83.3,38.9,24.8,3.75,3.75,other,Bajo,0.0975
10,Play in,Gragas,1,2.6,,1,1.0,0,1,0.0,3.0,4.0,8.0,2.75,189.0,5.44,10.5,304.0,16500.0,476.0,78.6,21.4,19.2,2.75,2.75,other,Bajo,0.07150000000000001
10,Play in,Jarvan IV,1,2.6,,1,1.0,0,1,0.0,0.0,3.0,1.0,0.33,122.0,4.27,7.2,252.0,3300.0,115.0,100.0,0.0,18.1,0.3333333333333333,0.3333333333333333,other,Bajo,0.008666666666666666
10,Play in,Kayle,1,2.6,,1,1.0,0,1,0.0,2.0,5.0,2.0,0.8,287.0,8.53,12.1,358.0,13100.0,389.0,40.0,20.0,22.4,0.8,0.8,other,Bajo,0.0208
10,Play in,Kog'Maw,1,2.6,,1,1.0,0,1,0.0,1.0,2.0,3.0,2.0,334.0,8.85,13.7,363.0,20000.0,530.0,57.1,14.3,22.1,2.0,2.0,other,Bajo,0.052000000000000005
10,Play in,Poppy,1,2.6,,1,1.0,0,1,0.0,5.0,4.0,9.0,3.5,235.0,6.23,14.0,372.0,20600.0,545.0,77.8,27.8,20.8,3.5,3.5,other,Bajo,0.091
10,Play in,Skarner,1,2.6,,1,1.0,0,1,0.0,0.0,6.0,2.0,0.33,118.0,4.28,6.8,246.0,3500.0,126.0,50.0,0.0,16.9,0.3333333333333333,0.3333333333333333,other,Bajo,0.008666666666666666
10,Play in,Urgot,1,2.6,,1,1.0,0,1,0.0,9.0,2.0,3.0,6.0,242.0,6.97,13.5,389.0,11500.0,331.0,85.7,64.3,24.6,6.0,6.0,other,Bajo,0.15600000000000003
10,Play in,Vladimir,1,2.6,,1,1.0,0,1,0.0,6.0,4.0,5.0,2.75,348.0,8.53,16.2,397.0,26000.0,637.0,64.7,35.3,24.5,2.75,2.75,other,Bajo,0.07150000000000001
10,Play in,Xayah,1,2.6,,1,1.0,0,1,0.0,4.0,4.0,3.0,1.75,346.0,10.35,14.9,445.0,15300.0,459.0,87.5,50.0,28.5,1.75,1.75,other,Bajo,0.0455
10,Main,Twitch,14,18.4,12.0,2,2.0,0,2,0.0,3.0,3.0,1.0,1.33,241.0,7.77,11.4,367.0,17000.0,547.0,80.0,60.0,24.8,1.3333333333333333,1.3333333333333333,other,Bajo,0.24533333333333332
10,Main,Alistar,9,11.8,3.0,6,6.0,0,6,0.0,1.17,4.5,5.0,1.37,37.83,1.13,7.4,219.0,3900.0,116.0,62.7,11.9,13.2,1.3711111111111112,1.3711111111111112,other,Bajo,0.1617911111111111
10,Main,Wukong,8,10.5,5.0,3,2.0,1,2,33.3,2.33,4.0,3.33,1.42,284.0,8.48,13.4,400.0,12600.0,377.0,65.4,26.9,23.5,1.415,34.714999999999996,other,Bajo,3.6450749999999994
10,Main,Irelia,8,10.5,6.0,2,2.0,1,1,50.0,4.0,3.5,3.0,2.0,282.5,9.66,12.7,435.0,12900.0,441.0,56.0,32.0,24.3,2.0,52.0,other,Bajo,5.46
10,Main,Kassadin,5,6.6,3.0,2,2.0,0,2,0.0,2.5,6.0,0.5,0.5,201.5,6.87,9.8,333.0,8900.0,303.0,42.9,35.7,22.1,0.5,0.5,other,Bajo,0.033
10,Main,Mordekaiser,5,6.6,3.0,2,2.0,0,2,0.0,4.0,3.5,2.5,1.86,281.0,7.37,14.2,373.0,14400.0,379.0,68.4,42.1,22.7,1.8571428571428572,1.8571428571428572,other,Bajo,0.12257142857142857
10,Main,Taric,3,3.9,,3,2.0,1,2,33.3,0.0,1.67,4.33,2.6,31.67,1.09,6.3,215.0,1200.0,42.0,59.1,0.0,12.4,2.5928143712574854,35.89281437125748,other,Bajo,1.3998197604790417
10,Main,Draven,3,3.9,1.0,2,2.0,1,1,50.0,2.5,1.5,4.5,4.67,277.0,8.63,13.8,431.0,12200.0,379.0,66.7,23.8,22.9,4.666666666666667,54.666666666666664,other,Bajo,2.1319999999999997
10,Main,Fiora,2,2.6,,2,2.0,1,1,50.0,5.0,4.0,2.5,1.88,320.5,9.4,14.8,434.0,21300.0,623.0,53.6,35.7,24.6,1.875,51.875,other,Bajo,1.34875
10,Main,Vel'Koz,2,2.6,,2,2.0,0,2,0.0,1.5,3.0,1.0,0.83,248.5,8.95,10.0,359.0,13500.0,486.0,38.5,23.1,22.8,0.8333333333333334,0.8333333333333334,other,Bajo,0.02166666666666667
10,Main,Ziggs,2,2.6,,2,1.0,0,2,0.0,1.0,3.5,0.5,0.43,250.0,7.88,11.1,350.0,19900.0,629.0,30.0,20.0,22.1,0.42857142857142855,0.42857142857142855,other,Bajo,0.011142857142857144
10,Main,Zilean,2,2.6,,2,1.0,0,2,0.0,0.5,1.0,4.0,4.5,250.5,7.68,10.7,328.0,9500.0,290.0,60.0,6.7,20.8,4.5,4.5,other,Bajo,0.117
10,Main,Karthus,2,2.6,1.0,1,1.0,0,1,0.0,3.0,6.0,7.0,1.67,242.0,7.43,11.6,355.0,25200.0,773.0,66.7,20.0,21.8,1.6666666666666667,1.6666666666666667,other,Bajo,0.04333333333333334
10,Main,Gnar,1,1.3,,1,1.0,1,0,100.0,1.0,2.0,7.0,4.0,281.0,8.55,13.0,395.0,11700.0,356.0,50.0,6.3,20.0,4.0,104.0,other,Bajo,1.352
10,Main,Maokai,1,1.3,,1,1.0,1,0,100.0,1.0,3.0,8.0,3.0,245.0,8.17,11.0,368.0,16600.0,553.0,69.2,7.7,18.5,3.0,103.0,other,Bajo,1.339
10,Main,Nocturne,1,1.3,,1,1.0,1,0,100.0,5.0,3.0,5.0,3.33,266.0,8.27,13.3,415.0,10600.0,331.0,66.7,33.3,22.6,3.3333333333333335,103.33333333333333,other,Bajo,1.3433333333333335
10,Main,Rengar,1,1.3,,1,1.0,1,0,100.0,2.0,1.0,10.0,12.0,211.0,6.08,11.9,344.0,10600.0,306.0,60.0,10.0,18.4,12.0,112.0,other,Bajo,1.456
10,Main,Singed,1,1.3,,1,1.0,1,0,100.0,2.0,3.0,8.0,3.33,263.0,7.8,12.9,382.0,11500.0,341.0,66.7,13.3,20.6,3.3333333333333335,103.33333333333333,other,Bajo,1.3433333333333335
10,Main,Vayne,1,1.3,,1,1.0,1,0,100.0,11.0,1.0,2.0,13.0,238.0,7.93,14.1,469.0,12100.0,404.0,56.5,47.8,23.8,13.0,113.0,other,Bajo,1.469
10,Main,Kayle,1,1.3,,1,1.0,0,1,0.0,0.0,2.0,0.0,0.0,250.0,9.33,9.9,368.0,13400.0,499.0,0.0,0.0,23.3,0.0,0.0,other,Bajo,0.0
10,Main,Kha'Zix,1,1.3,,1,1.0,0,1,0.0,2.0,6.0,4.0,1.0,154.0,5.18,8.8,297.0,9800.0,330.0,100.0,33.3,18.8,1.0,1.0,other,Bajo,0.013000000000000001
10,Main,LeBlanc,1,1.3,,1,1.0,0,1,0.0,2.0,4.0,4.0,1.5,289.0,7.83,13.7,371.0,11900.0,323.0,60.0,20.0,23.1,1.5,1.5,other,Bajo,0.019500000000000003
10,Main,Quinn,1,1.3,,1,1.0,0,1,0.0,2.0,4.0,6.0,2.0,262.0,8.15,12.7,394.0,16800.0,523.0,88.9,22.2,22.1,2.0,2.0,other,Bajo,0.026000000000000002
10,Main,Ryze,1,1.3,,1,1.0,0,1,0.0,1.0,4.0,4.0,1.25,177.0,7.45,7.7,324.0,5900.0,249.0,62.5,12.5,20.2,1.25,1.25,other,Bajo,0.01625
10,Main,Urgot,1,1.3,,1,1.0,0,1,0.0,3.0,4.0,1.0,1.0,239.0,7.27,11.5,349.0,8000.0,243.0,66.7,50.0,22.1,1.0,1.0,other,Bajo,0.013000000000000001
11,Play in,Yone,12,31.6,8.0,4,3.0,0,4,0.0,1.5,4.5,4.5,1.33,254.0,7.75,11.6,356.0,11300.0,344.0,50.0,12.5,21.1,1.3333333333333333,1.3333333333333333,other,Medio,0.42133333333333334
11,Play in,Draven,10,26.3,9.0,1,1.0,1,0,100.0,10.0,2.0,4.0,7.0,353.0,9.64,20.5,561.0,28300.0,772.0,73.7,52.6,28.6,7.0,107.0,other,Medio,28.141
11,Play in,Gangplank,9,23.7,5.0,4,3.0,1,3,25.0,3.75,3.5,3.5,2.07,199.5,7.96,11.1,442.0,15600.0,623.0,56.9,29.4,24.0,2.0714285714285716,27.071428571428573,other,Medio,6.415928571428571
11,Play in,Poppy,6,15.8,5.0,1,1.0,1,0,100.0,2.0,3.0,7.0,3.0,183.0,6.98,9.8,375.0,11800.0,449.0,39.1,8.7,17.9,3.0,103.0,other,Bajo,16.274
11,Play in,Jax,5,13.2,3.0,2,2.0,1,1,50.0,4.5,2.5,5.5,4.0,297.0,8.72,14.6,429.0,21100.0,620.0,71.4,32.1,23.7,4.0,54.0,other,Bajo,7.127999999999999
11,Play in,Olaf,4,10.5,1.0,3,2.0,1,2,33.3,6.33,3.0,4.67,3.67,202.0,6.5,12.0,385.0,16200.0,520.0,70.2,40.4,20.7,3.6666666666666665,36.96666666666666,other,Bajo,3.881499999999999
11,Play in,Galio,4,10.5,3.0,1,1.0,0,1,0.0,0.0,2.0,4.0,2.0,177.0,7.19,7.3,298.0,7400.0,302.0,80.0,0.0,20.2,2.0,2.0,other,Bajo,0.21
11,Play in,Akali,3,7.9,,3,3.0,1,2,33.3,1.33,3.0,2.33,1.22,203.67,7.85,9.0,345.0,9400.0,362.0,32.4,11.8,20.4,1.22,34.519999999999996,other,Bajo,2.7270799999999995
11,Play in,Kled,3,7.9,,3,2.0,1,2,33.3,1.67,4.0,4.33,1.5,179.0,6.43,9.0,324.0,8400.0,301.0,41.9,11.6,18.8,1.5,34.8,other,Bajo,2.7492
11,Play in,Alistar,3,7.9,1.0,2,2.0,0,2,0.0,0.0,3.0,1.5,0.5,32.0,1.19,5.3,199.0,2500.0,94.0,33.3,0.0,13.0,0.5,0.5,other,Bajo,0.0395
11,Play in,Malphite,3,7.9,2.0,1,1.0,1,0,100.0,4.0,2.0,14.0,9.0,259.0,6.85,14.8,392.0,16000.0,424.0,69.2,15.4,19.7,9.0,109.0,other,Bajo,8.611
11,Play in,Nocturne,3,7.9,2.0,1,1.0,1,0,100.0,2.0,3.0,12.0,4.67,168.0,5.98,10.5,373.0,11100.0,396.0,56.0,8.0,17.6,4.666666666666667,104.66666666666667,other,Bajo,8.268666666666668
11,Play in,Sion,3,7.9,2.0,1,1.0,1,0,100.0,2.0,1.0,9.0,11.0,184.0,7.15,8.9,346.0,4400.0,171.0,57.9,10.5,18.3,11.0,111.0,other,Bajo,8.769
11,Play in,Nautilus,3,7.9,2.0,1,1.0,0,1,0.0,0.0,4.0,2.0,0.5,37.0,1.46,5.0,197.0,2000.0,78.0,33.3,0.0,13.6,0.5,0.5,other,Bajo,0.0395
11,Play in,Senna,2,5.3,,2,1.0,1,1,50.0,1.5,1.5,12.5,9.33,54.0,1.73,9.2,296.0,11900.0,381.0,84.8,9.1,16.7,9.333333333333334,59.333333333333336,other,Bajo,3.144666666666667
11,Play in,Xayah,2,5.3,,2,2.0,1,1,50.0,2.5,3.0,4.5,2.33,287.5,9.5,12.3,405.0,16800.0,556.0,46.7,16.7,22.5,2.3333333333333335,52.333333333333336,other,Bajo,2.7736666666666667
11,Play in,Zed,2,5.3,,2,2.0,1,1,50.0,1.5,3.0,1.5,1.0,191.0,7.09,8.9,331.0,9000.0,333.0,30.0,15.0,19.2,1.0,51.0,other,Bajo,2.7030000000000003
11,Play in,Trundle,2,5.3,,2,2.0,0,2,0.0,1.0,4.5,6.0,1.56,97.0,3.04,8.0,251.0,7100.0,221.0,77.8,11.1,15.7,1.5555555555555556,1.5555555555555556,other,Bajo,0.08244444444444443
11,Play in,Tahm Kench,2,5.3,1.0,1,1.0,1,0,100.0,4.0,0.0,7.0,11.0,286.0,7.81,14.7,401.0,11700.0,319.0,57.9,21.1,20.5,11.0,111.0,other,Bajo,5.882999999999999
11,Play in,Kalista,2,5.3,1.0,1,1.0,0,1,0.0,1.0,4.0,3.0,1.0,246.0,8.75,10.7,381.0,9800.0,349.0,44.4,11.1,20.9,1.0,1.0,other,Bajo,0.053
11,Play in,Karma,2,5.3,1.0,1,1.0,0,1,0.0,1.0,3.0,3.0,1.33,35.0,0.86,8.3,203.0,9200.0,225.0,80.0,20.0,12.4,1.3333333333333333,1.3333333333333333,other,Bajo,0.07066666666666667
11,Play in,Ornn,2,5.3,1.0,1,1.0,0,1,0.0,1.0,2.0,3.0,2.0,183.0,7.28,7.9,313.0,8100.0,323.0,80.0,20.0,20.5,2.0,2.0,other,Bajo,0.106
11,Play in,Rumble,2,5.3,1.0,1,1.0,0,1,0.0,6.0,2.0,5.0,5.5,268.0,8.24,12.7,391.0,21100.0,647.0,50.0,27.3,21.9,5.5,5.5,other,Bajo,0.2915
11,Play in,Sejuani,2,5.3,1.0,1,1.0,0,1,0.0,0.0,4.0,5.0,1.25,220.0,5.4,11.3,278.0,10600.0,260.0,100.0,0.0,17.1,1.25,1.25,other,Bajo,0.06625
11,Play in,Bard,1,2.6,,1,1.0,1,0,100.0,1.0,0.0,10.0,11.0,22.0,0.64,8.6,250.0,5500.0,160.0,64.7,5.9,13.4,11.0,111.0,other,Bajo,2.886
11,Play in,Lissandra,1,2.6,,1,1.0,1,0,100.0,3.0,2.0,7.0,5.0,208.0,8.85,9.6,410.0,12800.0,544.0,47.6,14.3,19.4,5.0,105.0,other,Bajo,2.73
11,Play in,Jhin,1,2.6,,1,1.0,0,1,0.0,1.0,0.0,1.0,2.0,303.0,10.66,11.6,407.0,7100.0,248.0,50.0,25.0,26.5,2.0,2.0,other,Bajo,0.052000000000000005
11,Play in,Lulu,1,2.6,,1,1.0,0,1,0.0,1.0,3.0,3.0,1.33,14.0,0.48,6.5,222.0,2800.0,97.0,80.0,20.0,14.2,1.3333333333333333,1.3333333333333333,other,Bajo,0.034666666666666665
11,Play in,Rell,1,2.6,,1,1.0,0,1,0.0,1.0,2.0,8.0,4.5,28.0,1.09,5.9,230.0,4100.0,159.0,81.8,9.1,13.8,4.5,4.5,other,Bajo,0.117
11,Play in,Shen,1,2.6,,1,1.0,0,1,0.0,0.0,5.0,2.0,0.4,137.0,6.29,6.0,274.0,6800.0,312.0,25.0,0.0,17.7,0.4,0.4,other,Bajo,0.0104
11,Play in,Tristana,1,2.6,,1,1.0,0,1,0.0,1.0,4.0,3.0,1.0,220.0,7.73,9.6,337.0,3600.0,125.0,66.7,16.7,21.2,1.0,1.0,other,Bajo,0.026000000000000002
11,Play in,Vayne,1,2.6,,1,1.0,0,1,0.0,4.0,3.0,2.0,2.0,181.0,7.87,10.7,464.0,10300.0,449.0,66.7,44.4,28.0,2.0,2.0,other,Bajo,0.052000000000000005
11,Play in,Viego,1,2.6,,1,1.0,0,1,0.0,3.0,3.0,3.0,2.0,128.0,5.57,9.2,402.0,11100.0,484.0,66.7,33.3,24.3,2.0,2.0,other,Bajo,0.052000000000000005
11,Main,Draven,22,26.5,18.0,4,3.0,1,3,25.0,2.75,2.0,2.75,2.75,319.0,9.24,14.9,431.0,10900.0,315.0,55.0,27.5,25.2,2.75,27.75,other,Medio,7.35375
11,Main,Galio,11,13.3,8.0,3,2.0,1,2,33.3,2.67,3.33,7.67,3.1,225.33,6.06,12.1,325.0,12000.0,322.0,86.1,22.2,19.5,3.105105105105105,36.4051051051051,other,Bajo,4.841878978978979
11,Main,Sett,9,10.8,6.0,3,3.0,1,2,33.3,1.67,5.0,2.33,0.8,129.67,4.23,8.4,275.0,7600.0,246.0,46.2,19.2,16.6,0.8,34.099999999999994,other,Bajo,3.6828
11,Main,Tryndamere,9,10.8,6.0,3,3.0,0,3,0.0,5.0,4.33,4.67,2.23,386.33,8.72,19.3,436.0,23800.0,537.0,67.4,34.9,25.2,2.233256351039261,2.233256351039261,other,Bajo,0.24119168591224022
11,Main,Amumu,7,8.4,6.0,1,1.0,1,0,100.0,2.0,4.0,10.0,3.0,31.0,0.81,9.4,245.0,6000.0,155.0,52.2,8.7,12.5,3.0,103.0,other,Bajo,8.652000000000001
11,Main,Malphite,5,6.0,3.0,2,2.0,0,2,0.0,0.0,3.0,1.0,0.33,208.0,7.25,8.5,298.0,5700.0,197.0,28.6,0.0,19.7,0.3333333333333333,0.3333333333333333,other,Bajo,0.02
11,Main,Rumble,4,4.8,1.0,3,2.0,1,2,33.3,1.0,3.33,3.33,1.3,248.67,7.83,11.1,351.0,13100.0,414.0,52.0,12.0,20.6,1.3003003003003002,34.6003003003003,other,Bajo,1.6608144144144144
11,Main,Fiddlesticks,4,4.8,2.0,2,1.0,1,1,50.0,4.0,4.5,6.0,2.22,196.5,5.04,12.4,317.0,13400.0,345.0,66.7,26.7,18.1,2.2222222222222223,52.22222222222222,other,Bajo,2.5066666666666664
11,Main,Jinx,4,4.8,3.0,1,1.0,0,1,0.0,0.0,3.0,2.0,0.67,308.0,10.13,11.6,380.0,11400.0,376.0,66.7,0.0,23.6,0.6666666666666666,0.6666666666666666,other,Bajo,0.032
11,Main,Taliyah,4,4.8,3.0,1,1.0,0,1,0.0,2.0,5.0,3.0,1.0,191.0,5.45,10.8,308.0,10500.0,299.0,55.6,22.2,18.0,1.0,1.0,other,Bajo,0.048
11,Main,Pyke,3,3.6,,3,3.0,1,2,33.3,4.33,5.0,6.33,2.13,47.67,1.32,10.8,298.0,7300.0,203.0,59.3,24.1,16.7,2.132,35.431999999999995,other,Bajo,1.2755519999999998
11,Main,Shen,3,3.6,,3,3.0,1,2,33.3,1.33,3.0,9.67,3.67,45.33,1.19,9.1,238.0,4300.0,113.0,82.5,10.0,13.5,3.6666666666666665,36.96666666666666,other,Bajo,1.3307999999999998
11,Main,Viktor,3,3.6,,3,2.0,0,3,0.0,4.33,4.0,5.0,2.33,373.0,8.75,17.2,403.0,31600.0,741.0,65.1,30.2,24.1,2.3325,2.3325,other,Bajo,0.08397
11,Main,Annie,3,3.6,1.0,2,1.0,1,1,50.0,3.0,3.0,9.0,4.0,156.5,5.56,9.3,330.0,11100.0,396.0,77.4,19.4,18.0,4.0,54.0,other,Bajo,1.944
11,Main,Varus,3,3.6,1.0,2,1.0,0,2,0.0,0.5,3.0,0.5,0.33,251.5,8.4,10.0,332.0,18000.0,600.0,66.7,33.3,22.2,0.3333333333333333,0.3333333333333333,other,Bajo,0.012
11,Main,Lillia,2,2.4,,2,2.0,1,1,50.0,3.5,4.0,5.0,2.13,151.0,6.67,9.0,396.0,10000.0,443.0,89.5,36.8,21.6,2.125,52.125,other,Bajo,1.251
11,Main,Maokai,2,2.4,,2,1.0,1,1,50.0,1.0,3.5,7.5,2.43,51.0,1.53,8.0,240.0,13800.0,413.0,68.0,8.0,13.5,2.4285714285714284,52.42857142857143,other,Bajo,1.2582857142857142
11,Main,Kassadin,2,2.4,1.0,1,1.0,1,0,100.0,8.0,2.0,8.0,8.0,321.0,8.24,17.9,458.0,32800.0,843.0,76.2,38.1,23.4,8.0,108.0,other,Bajo,2.592
11,Main,Kalista,2,2.4,1.0,1,1.0,0,1,0.0,6.0,4.0,11.0,4.25,395.0,8.41,20.5,435.0,23900.0,509.0,89.5,31.6,25.4,4.25,4.25,other,Bajo,0.102
11,Main,Xayah,2,2.4,1.0,1,1.0,0,1,0.0,0.0,5.0,5.0,1.0,306.0,8.36,12.5,342.0,8800.0,240.0,33.3,0.0,19.7,1.0,1.0,other,Bajo,0.024
11,Main,Ashe,1,1.2,,1,1.0,0,1,0.0,2.0,6.0,5.0,1.17,226.0,7.33,11.1,358.0,12600.0,410.0,53.8,15.4,20.5,1.1666666666666667,1.1666666666666667,other,Bajo,0.014000000000000002
11,Main,Sejuani,1,1.2,,1,1.0,0,1,0.0,4.0,3.0,11.0,5.0,169.0,4.39,11.5,298.0,12600.0,326.0,100.0,26.7,17.4,5.0,5.0,other,Bajo,0.06
11,Main,Seraphine,1,1.2,,1,1.0,0,1,0.0,2.0,1.0,8.0,10.0,302.0,8.1,14.4,386.0,12200.0,326.0,90.9,18.2,23.5,10.0,10.0,other,Bajo,0.12
11,Main,Shaco,1,1.2,,1,1.0,0,1,0.0,0.0,4.0,1.0,0.25,125.0,4.62,6.7,247.0,3800.0,141.0,25.0,0.0,17.1,0.25,0.25,other,Bajo,0.003
11,Main,Yone,1,1.2,,1,1.0,0,1,0.0,2.0,3.0,4.0,2.0,291.0,8.3,14.0,400.0,8600.0,245.0,66.7,22.2,23.4,2.0,2.0,other,Bajo,0.024
12,Play in,Caitlyn,28,59.6,24.0,4,4.0,0,4,0.0,3.0,1.75,2.5,3.14,322.25,9.58,14.1,418.0,21000.0,624.0,64.7,35.3,25.3,3.142857142857143,3.142857142857143,other,Alto,1.8731428571428572
12,Play in,Draven,17,36.2,15.0,2,1.0,0,2,0.0,2.5,3.0,1.5,1.33,270.5,8.74,13.2,426.0,16700.0,539.0,61.5,38.5,26.3,1.3333333333333333,1.3333333333333333,other,Medio,0.48266666666666663
12,Play in,Ornn,13,27.7,9.0,4,3.0,1,3,25.0,1.0,3.75,6.0,1.87,198.75,6.51,9.3,305.0,11300.0,371.0,56.0,8.0,17.9,1.8666666666666667,26.866666666666667,other,Medio,7.442066666666667
12,Play in,Poppy,11,23.4,9.0,2,2.0,1,1,50.0,1.0,4.0,7.5,2.13,106.0,4.06,7.7,297.0,7300.0,279.0,54.8,6.5,16.0,2.125,52.125,other,Medio,12.197249999999999
12,Play in,Galio,9,19.1,3.0,6,4.0,1,5,16.7,1.17,3.17,8.33,3.0,226.33,7.6,10.2,344.0,14100.0,475.0,79.2,9.7,20.4,2.996845425867508,19.696845425867508,other,Bajo,3.7620974763406947
12,Play in,Vi,9,19.1,5.0,4,3.0,1,3,25.0,2.0,2.5,3.25,2.1,177.5,4.88,10.6,290.0,6100.0,167.0,70.0,26.7,17.2,2.1,27.1,other,Bajo,5.1761
12,Play in,Renekton,9,19.1,7.0,2,2.0,0,2,0.0,1.0,3.0,3.5,1.5,266.0,7.99,11.4,342.0,13500.0,405.0,69.2,15.4,21.4,1.5,1.5,other,Bajo,0.28650000000000003
12,Play in,Braum,8,17.0,3.0,5,4.0,1,4,20.0,0.6,3.8,5.8,1.68,34.0,1.15,6.6,222.0,4100.0,137.0,61.5,5.8,12.9,1.6842105263157894,21.684210526315788,other,Bajo,3.6863157894736838
12,Play in,Jax,8,17.0,3.0,5,3.0,1,4,20.0,3.0,3.6,1.8,1.33,268.0,8.09,13.2,399.0,13900.0,421.0,45.3,28.3,23.5,1.3333333333333333,21.333333333333332,other,Bajo,3.6266666666666665
12,Play in,Gwen,8,17.0,4.0,4,3.0,1,3,25.0,3.0,2.75,1.5,1.64,262.5,8.39,12.3,394.0,15900.0,509.0,52.9,35.3,22.9,1.6363636363636365,26.636363636363637,other,Bajo,4.528181818181818
12,Play in,Camille,7,14.9,3.0,4,4.0,1,3,25.0,3.0,5.0,3.75,1.35,231.5,7.5,11.6,375.0,17000.0,551.0,56.3,25.0,22.1,1.35,26.35,other,Bajo,3.9261500000000003
12,Play in,Xayah,7,14.9,4.0,3,3.0,0,3,0.0,1.33,2.67,2.33,1.38,275.33,9.39,11.0,376.0,10500.0,357.0,61.1,22.2,24.0,1.3707865168539326,1.3707865168539326,other,Bajo,0.20424719101123595
12,Play in,Pantheon,7,14.9,6.0,1,1.0,0,1,0.0,5.0,4.0,6.0,2.75,178.0,5.33,11.8,354.0,19200.0,573.0,78.6,35.7,19.8,2.75,2.75,other,Bajo,0.40975
12,Play in,Renata Glasc,6,12.8,3.0,3,2.0,1,2,33.3,0.33,2.33,8.0,3.57,23.67,0.86,6.6,239.0,4800.0,173.0,78.1,3.1,13.9,3.575107296137339,36.87510729613734,other,Bajo,4.72001373390558
12,Play in,Swain,6,12.8,4.0,2,2.0,1,1,50.0,2.5,3.0,8.0,3.5,234.5,7.25,11.5,356.0,18200.0,563.0,80.8,19.2,20.0,3.5,53.5,other,Bajo,6.848000000000001
12,Play in,Ahri,6,12.8,5.0,1,1.0,1,0,100.0,3.0,3.0,6.0,3.0,338.0,8.4,16.0,397.0,18100.0,450.0,50.0,16.7,21.9,3.0,103.0,other,Bajo,13.184000000000001
12,Play in,Lillia,5,10.6,1.0,4,3.0,1,3,25.0,2.25,3.0,5.5,2.58,237.0,7.75,11.2,367.0,14600.0,478.0,62.0,18.0,21.4,2.5833333333333335,27.583333333333332,other,Bajo,2.923833333333333
12,Play in,Mordekaiser,4,8.5,2.0,2,2.0,1,1,50.0,4.5,1.5,7.0,7.67,242.5,7.91,13.4,437.0,16300.0,533.0,63.9,25.0,22.4,7.666666666666667,57.666666666666664,other,Bajo,4.901666666666666
12,Play in,Olaf,4,8.5,3.0,1,1.0,1,0,100.0,9.0,6.0,4.0,2.17,362.0,8.08,21.5,481.0,33400.0,746.0,72.2,50.0,25.9,2.1666666666666665,102.16666666666667,other,Bajo,8.684166666666668
12,Play in,Jarvan IV,4,8.5,3.0,1,1.0,0,1,0.0,0.0,5.0,11.0,2.2,154.0,4.15,9.7,261.0,11500.0,310.0,100.0,0.0,16.0,2.2,2.2,other,Bajo,0.18700000000000003
12,Play in,Wukong,3,6.4,,3,3.0,1,2,33.3,5.0,3.0,6.67,3.89,174.33,5.38,12.0,370.0,13100.0,403.0,81.4,34.9,21.5,3.89,37.19,other,Bajo,2.38016
12,Play in,Zac,3,6.4,1.0,2,1.0,1,1,50.0,1.5,2.5,8.0,3.8,220.5,6.52,11.6,342.0,10700.0,316.0,67.9,10.7,19.2,3.8,53.8,other,Bajo,3.4432
12,Play in,Morgana,3,6.4,1.0,2,2.0,0,2,0.0,0.0,5.0,9.5,1.9,23.0,0.6,8.1,210.0,7300.0,190.0,73.1,0.0,12.3,1.9,1.9,other,Bajo,0.1216
12,Play in,Nilah,3,6.4,1.0,2,2.0,0,2,0.0,2.5,2.0,5.0,3.75,354.5,9.65,15.1,411.0,14900.0,406.0,75.0,25.0,25.3,3.75,3.75,other,Bajo,0.24
12,Play in,Rakan,3,6.4,1.0,2,2.0,0,2,0.0,0.0,3.5,6.0,1.71,37.0,1.17,6.5,207.0,2600.0,81.0,80.0,0.0,13.0,1.7142857142857142,1.7142857142857142,other,Bajo,0.10971428571428571
12,Play in,Zoe,3,6.4,2.0,1,1.0,1,0,100.0,5.0,0.0,11.0,16.0,196.0,8.52,10.2,443.0,16200.0,704.0,76.2,23.8,21.8,16.0,116.0,other,Bajo,7.424000000000001
12,Play in,Taric,2,4.3,1.0,1,1.0,1,0,100.0,0.0,3.0,17.0,5.67,45.0,1.27,8.9,251.0,3400.0,97.0,68.0,0.0,13.4,5.666666666666667,105.66666666666667,other,Bajo,4.543666666666667
12,Play in,Irelia,2,4.3,1.0,1,1.0,0,1,0.0,0.0,4.0,2.0,0.5,193.0,7.74,7.5,301.0,6800.0,272.0,66.7,0.0,20.3,0.5,0.5,other,Bajo,0.0215
12,Play in,Lux,2,4.3,1.0,1,1.0,0,1,0.0,0.0,3.0,0.0,0.0,30.0,1.02,5.9,202.0,6500.0,222.0,0.0,0.0,13.0,0.0,0.0,other,Bajo,0.0
12,Play in,Samira,2,4.3,1.0,1,1.0,0,1,0.0,1.0,4.0,7.0,2.0,298.0,9.68,11.8,382.0,9400.0,306.0,66.7,8.3,23.6,2.0,2.0,other,Bajo,0.086
12,Play in,Gragas,1,2.1,,1,1.0,1,0,100.0,3.0,0.0,6.0,9.0,271.0,8.25,13.3,405.0,20000.0,609.0,39.1,13.0,20.1,9.0,109.0,other,Bajo,2.289
12,Play in,Jinx,1,2.1,,1,1.0,1,0,100.0,3.0,1.0,7.0,10.0,292.0,9.14,13.3,417.0,17000.0,532.0,62.5,18.8,20.4,10.0,110.0,other,Bajo,2.31
12,Play in,Lucian,1,2.1,,1,1.0,1,0,100.0,7.0,0.0,7.0,14.0,372.0,10.52,18.5,524.0,29500.0,835.0,82.4,41.2,25.7,14.0,114.0,other,Bajo,2.394
12,Play in,Nami,1,2.1,,1,1.0,1,0,100.0,0.0,1.0,14.0,14.0,15.0,0.42,8.8,248.0,4300.0,122.0,82.4,0.0,12.2,14.0,114.0,other,Bajo,2.394
12,Play in,Syndra,1,2.1,,1,1.0,1,0,100.0,6.0,1.0,13.0,19.0,220.0,8.42,12.7,486.0,18600.0,712.0,57.6,18.2,20.1,19.0,119.0,other,Bajo,2.499
12,Play in,Vayne,1,2.1,,1,1.0,1,0,100.0,6.0,3.0,4.0,3.33,163.0,6.62,10.4,424.0,12900.0,524.0,58.8,35.3,20.6,3.3333333333333335,103.33333333333333,other,Bajo,2.17
12,Play in,Ashe,1,2.1,,1,1.0,0,1,0.0,4.0,7.0,7.0,1.57,217.0,7.52,11.3,392.0,21300.0,738.0,61.1,22.2,22.3,1.5714285714285714,1.5714285714285714,other,Bajo,0.033
12,Play in,Garen,1,2.1,,1,1.0,0,1,0.0,5.0,5.0,1.0,1.2,203.0,6.59,10.9,353.0,10300.0,334.0,50.0,41.7,21.8,1.2,1.2,other,Bajo,0.0252
12,Play in,Rumble,1,2.1,,1,1.0,0,1,0.0,0.0,2.0,5.0,2.5,309.0,8.18,13.2,349.0,14400.0,381.0,71.4,0.0,21.6,2.5,2.5,other,Bajo,0.0525
12,Play in,Sion,1,2.1,,1,1.0,0,1,0.0,1.0,4.0,1.0,0.5,215.0,8.23,8.6,331.0,8700.0,333.0,33.3,16.7,21.9,0.5,0.5,other,Bajo,0.0105
12,Play in,Soraka,1,2.1,,1,1.0,0,1,0.0,1.0,4.0,11.0,3.0,13.0,0.32,8.3,207.0,3600.0,90.0,85.7,7.1,12.4,3.0,3.0,other,Bajo,0.063
12,Play in,Teemo,1,2.1,,1,1.0,0,1,0.0,1.0,9.0,3.0,0.44,145.0,5.55,7.4,285.0,13500.0,516.0,66.7,16.7,18.8,0.4444444444444444,0.4444444444444444,other,Bajo,0.009333333333333334
12,Play in,Tryndamere,1,2.1,,1,1.0,0,1,0.0,2.0,4.0,1.0,0.75,323.0,9.13,13.5,382.0,12500.0,353.0,75.0,50.0,24.4,0.75,0.75,other,Bajo,0.01575
12,Play in,Vladimir,1,2.1,,1,1.0,0,1,0.0,2.0,1.0,0.0,2.0,206.0,8.09,8.5,334.0,10200.0,401.0,33.3,33.3,22.6,2.0,2.0,other,Bajo,0.042
12,Play in,Xin Zhao,1,2.1,,1,1.0,0,1,0.0,2.0,4.0,1.0,0.75,139.0,5.41,7.7,299.0,6600.0,256.0,75.0,50.0,19.2,0.75,0.75,other,Bajo,0.01575
12,Play in,Zilean,1,2.1,,1,1.0,0,1,0.0,3.0,5.0,2.0,1.0,176.0,6.03,9.3,319.0,13200.0,452.0,50.0,30.0,20.8,1.0,1.0,other,Bajo,0.021
12,Main,Nautilus,18,22.5,11.0,7,6.0,1,6,14.3,0.71,4.43,5.0,1.29,35.57,1.02,7.1,204.0,3800.0,109.0,57.1,7.1,12.1,1.288939051918736,15.588939051918736,other,Medio,3.5075112866817153
12,Main,Bel'Veth,11,13.8,5.0,6,5.0,1,5,16.7,1.67,3.33,3.67,1.6,170.5,6.11,9.3,335.0,7000.0,251.0,57.1,17.9,20.3,1.6036036036036034,18.3036036036036,other,Bajo,2.525897297297297
12,Main,Tristana,10,12.5,4.0,6,6.0,1,5,16.7,2.0,2.83,2.33,1.53,243.33,9.23,10.5,399.0,9600.0,363.0,56.5,26.1,24.4,1.530035335689046,18.230035335689045,other,Bajo,2.2787544169611307
12,Main,Ezreal,8,10.0,3.0,5,4.0,1,4,20.0,2.2,2.6,2.6,1.85,324.2,9.84,14.3,435.0,24000.0,729.0,51.1,23.4,25.0,1.8461538461538463,21.846153846153847,other,Bajo,2.1846153846153844
12,Main,Galio,8,10.0,4.0,4,4.0,1,3,25.0,1.75,3.75,5.0,1.8,241.0,7.27,11.6,349.0,15000.0,453.0,67.5,17.5,20.5,1.8,26.8,other,Bajo,2.68
12,Main,Syndra,7,8.8,2.0,5,4.0,0,5,0.0,1.8,3.4,4.2,1.76,228.2,6.84,11.4,342.0,16900.0,506.0,73.2,22.0,21.1,1.7647058823529411,1.7647058823529411,other,Bajo,0.15529411764705883
12,Main,Seraphine,6,7.5,2.0,4,3.0,0,4,0.0,0.75,2.5,4.75,2.2,277.5,8.42,11.4,345.0,10300.0,313.0,64.7,8.8,20.7,2.2,2.2,other,Bajo,0.165
12,Main,Senna,6,7.5,3.0,3,3.0,0,3,0.0,0.33,3.0,4.0,1.44,51.33,1.62,8.2,258.0,8000.0,252.0,76.5,5.9,15.8,1.4433333333333334,1.4433333333333334,other,Bajo,0.10825
12,Main,Nidalee,6,7.5,4.0,2,2.0,1,1,50.0,3.0,1.5,4.5,5.0,207.5,7.44,11.3,407.0,18900.0,679.0,78.9,31.6,22.1,5.0,55.0,other,Bajo,4.125
12,Main,Pyke,6,7.5,5.0,1,1.0,0,1,0.0,2.0,8.0,4.0,0.75,47.0,1.19,10.1,256.0,8400.0,213.0,60.0,20.0,14.8,0.75,0.75,other,Bajo,0.05625
12,Main,Kennen,5,6.3,2.0,3,3.0,1,2,33.3,2.0,3.67,3.33,1.45,235.67,7.55,11.0,352.0,15800.0,507.0,59.3,22.2,21.0,1.452316076294278,34.75231607629428,other,Bajo,2.1893959128065394
12,Main,Alistar,4,5.0,2.0,2,2.0,1,1,50.0,1.0,2.0,10.0,5.5,26.5,0.89,7.2,241.0,4700.0,156.0,66.7,6.1,12.4,5.5,55.5,other,Bajo,2.775
12,Main,Kayn,4,5.0,2.0,2,1.0,0,2,0.0,3.0,3.0,5.0,2.67,210.5,5.95,12.1,343.0,14900.0,421.0,88.9,33.3,21.0,2.6666666666666665,2.6666666666666665,other,Bajo,0.13333333333333333
12,Main,Swain,3,3.8,1.0,2,2.0,1,1,50.0,2.0,1.5,4.5,4.33,212.5,8.25,9.4,367.0,12800.0,495.0,76.5,23.5,21.8,4.333333333333333,54.333333333333336,other,Bajo,2.0646666666666667
12,Main,Karthus,3,3.8,2.0,1,1.0,1,0,100.0,9.0,5.0,11.0,4.0,266.0,6.4,18.9,455.0,54700.0,1316.0,95.2,42.9,26.0,4.0,104.0,other,Bajo,3.952
12,Main,Nocturne,3,3.8,2.0,1,1.0,1,0,100.0,5.0,4.0,8.0,3.25,171.0,5.53,11.5,373.0,11600.0,374.0,56.5,21.7,17.2,3.25,103.25,other,Bajo,3.9234999999999998
12,Main,Bard,2,2.5,,2,2.0,1,1,50.0,0.0,1.0,7.5,7.5,38.5,1.07,7.5,211.0,4800.0,133.0,55.6,0.0,12.3,7.5,57.5,other,Bajo,1.4375
12,Main,Blitzcrank,2,2.5,,2,2.0,1,1,50.0,0.5,2.5,7.0,3.0,31.5,1.21,6.4,245.0,4000.0,154.0,60.0,4.0,13.0,3.0,53.0,other,Bajo,1.325
12,Main,Gwen,2,2.5,,2,2.0,1,1,50.0,2.0,3.5,3.5,1.57,277.5,7.73,13.7,383.0,23000.0,641.0,55.0,20.0,21.0,1.5714285714285714,51.57142857142857,other,Bajo,1.2892857142857141
12,Main,Jhin,2,2.5,,2,2.0,1,1,50.0,2.0,2.0,7.0,4.5,227.0,7.91,11.0,384.0,14200.0,493.0,75.0,16.7,20.2,4.5,54.5,other,Bajo,1.3625
12,Main,Xayah,2,2.5,,2,2.0,1,1,50.0,5.5,0.5,3.5,18.0,430.0,10.77,19.1,478.0,27000.0,676.0,85.7,52.4,27.3,9.0,59.0,other,Bajo,1.475
12,Main,Rakan,2,2.5,1.0,1,1.0,1,0,100.0,0.0,3.0,15.0,5.0,38.0,1.13,8.3,247.0,6000.0,178.0,83.3,0.0,12.8,5.0,105.0,other,Bajo,2.625
12,Main,Darius,2,2.5,1.0,1,1.0,0,1,0.0,4.0,2.0,5.0,4.5,228.0,6.57,12.9,373.0,15000.0,432.0,60.0,26.7,20.8,4.5,4.5,other,Bajo,0.1125
12,Main,Fiddlesticks,2,2.5,1.0,1,1.0,0,1,0.0,2.0,3.0,1.0,1.0,127.0,5.07,7.4,295.0,8500.0,340.0,50.0,33.3,19.6,1.0,1.0,other,Bajo,0.025
12,Main,Singed,2,2.5,1.0,1,1.0,0,1,0.0,1.0,3.0,3.0,1.33,150.0,4.98,7.8,258.0,5200.0,173.0,80.0,20.0,16.2,1.3333333333333333,1.3333333333333333,other,Bajo,0.03333333333333333
12,Main,Shen,1,1.3,,1,1.0,1,0,100.0,2.0,0.0,4.0,6.0,247.0,7.59,12.4,380.0,12500.0,383.0,40.0,13.3,19.2,6.0,106.0,other,Bajo,1.3780000000000001
12,Main,Anivia,1,1.3,,1,1.0,0,1,0.0,1.0,3.0,3.0,1.33,274.0,8.69,11.3,359.0,13700.0,434.0,57.1,14.3,23.0,1.3333333333333333,1.3333333333333333,other,Bajo,0.017333333333333333
12,Main,Irelia,1,1.3,,1,1.0,0,1,0.0,1.0,8.0,2.0,0.38,248.0,7.28,11.5,339.0,15900.0,466.0,17.6,5.9,19.5,0.375,0.375,other,Bajo,0.004875000000000001
12,Main,Malphite,1,1.3,,1,1.0,0,1,0.0,0.0,5.0,5.0,1.0,233.0,6.85,10.8,318.0,14500.0,426.0,45.5,0.0,18.7,1.0,1.0,other,Bajo,0.013000000000000001
12,Main,Nasus,1,1.3,,1,1.0,0,1,0.0,0.0,4.0,3.0,0.75,15.0,0.5,5.7,190.0,6100.0,203.0,75.0,0.0,12.1,0.75,0.75,other,Bajo,0.009750000000000002
12,Main,Rumble,1,1.3,,1,1.0,0,1,0.0,2.0,6.0,1.0,0.5,234.0,7.74,10.5,347.0,11600.0,385.0,75.0,50.0,22.1,0.5,0.5,other,Bajo,0.006500000000000001
12,Main,Wukong,1,1.3,,1,1.0,0,1,0.0,2.0,5.0,5.0,1.4,159.0,3.75,11.4,270.0,11900.0,281.0,63.6,18.2,16.9,1.4,1.4,other,Bajo,0.018199999999999997
12,Main,Xin Zhao,1,1.3,,1,1.0,0,1,0.0,1.0,3.0,3.0,1.33,179.0,6.27,9.0,316.0,7600.0,266.0,100.0,25.0,20.5,1.3333333333333333,1.3333333333333333,other,Bajo,0.017333333333333333
